timestampms,seq,event,side,price,size,queue_ahead,inventory,fair_price,reservation_price
1773066943560,141,new,ASK,69226.79,0.01,0.0,0.0,69187.86077422628,69187.86077422628
1773066944067,195,cancel,ASK,69226.79,0.01,0.0,0.0,69224.35395866641,69224.35395866641
1773066944567,424,new,ASK,69216.37999999999,0.01,0.0,0.0,69166.45974030552,69166.45974030552
1773066945073,607,cancel,ASK,69216.37999999999,0.01,0.0,0.0,69193.62091230818,69193.62091230818
1773066946088,722,new,ASK,69216.37999999999,0.01,0.0,0.0,69167.85617715643,69167.85617715643
1773066946596,810,cancel,ASK,69216.37999999999,0.01,0.0,0.0,69182.5192112417,69182.5192112417
1773066947118,872,new,ASK,69216.37999999999,0.01,0.0,0.0,69162.65113126629,69162.65113126629
1773066948121,1116,cancel,ASK,69216.37999999999,0.01,0.0,0.0,69220.67002157039,69220.67002157039
1773066952819,2839,new,ASK,69243.32,0.01,0.0,0.0,69198.56481935654,69198.56481935654
1773066953325,3031,cancel,ASK,69243.32,0.01,0.0,0.0,69249.17121327922,69249.17121327922
1773066953828,3134,new,BID,69212.97,0.01,0.0,0.0,69285.02404475411,69285.02404475411
1773066954340,3204,cancel,BID,69212.97,0.01,0.0,0.0,69254.35642487508,69254.35642487508
1773066954846,3387,new,ASK,69234.18999999999,0.01,0.0,0.0,69187.8845792328,69187.8845792328
1773066955346,3483,cancel,ASK,69234.18999999999,0.01,0.0,0.0,69210.99950199644,69210.99950199644
1773066955850,3691,new,BID,69160.68000000001,0.01,0.0,0.0,69264.2402904312,69264.2402904312
1773066955850,3691,new,ASK,69367.8,0.006999999999999999,0.0,0.0,69264.2402904312,69264.2402904312
1773066956367,3941,replace,BID,69181.56,0.01,0.0,0.0,69271.13854900775,69271.13854900775
1773066956367,3941,replace,ASK,69360.72,0.01,0.0,0.0,69271.13854900775,69271.13854900775
1773066956871,3988,replace,BID,69212.8,0.01,0.0,0.0,69315.5428230364,69315.5428230364
1773066956871,3988,replace,ASK,69418.28,0.006999999999999999,0.0,0.0,69315.5428230364,69315.5428230364
1773066957377,4187,replace,BID,69217.83,0.01,0.0,0.0,69319.13482460333,69319.13482460333
1773066957377,4187,replace,ASK,69420.44,0.006999999999999999,0.0,0.0,69319.13482460333,69319.13482460333
1773066957878,4243,cancel,BID,69217.83,0.01,0.0,0.0,69275.66164202361,69275.66164202361
1773066957878,4243,cancel,ASK,69420.44,0.006999999999999999,0.0,0.0,69275.66164202361,69275.66164202361
1773066958915,4588,new,ASK,69298.11,0.01,0.0,0.0,69237.50907239555,69237.50907239555
1773066959427,4650,cancel,ASK,69298.11,0.01,0.0,0.0,69266.1254423632,69266.1254423632
1773066960437,4901,new,BID,69175.25,0.01,0.0,0.0,69277.50188972408,69277.50188972408
1773066960437,4901,new,ASK,69379.75,0.01,0.0,0.0,69277.50188972408,69277.50188972408
1773066960945,5115,replace,BID,69176.05,0.006999999999999999,0.0,0.0,69275.23861209826,69275.23861209826
1773066960945,5115,replace,ASK,69374.43000000001,0.01,0.0,0.0,69275.23861209826,69275.23861209826
1773066961489,5159,replace,BID,69207.73,0.01,0.0,0.0,69295.30181834727,69295.30181834727
1773066961489,5159,replace,ASK,69382.87,0.01,0.0,0.0,69295.30181834727,69295.30181834727
1773066961994,5316,replace,BID,69166.81,0.006999999999999999,0.0,0.0,69263.47219325861,69263.47219325861
1773066961994,5316,replace,ASK,69360.13,0.01,0.0,0.0,69263.47219325861,69263.47219325861
1773066962507,5555,replace,BID,69272.54000000001,0.01,0.0,0.0,69335.53164467722,69335.53164467722
1773066962507,5555,cancel,ASK,69360.13,0.01,0.0,0.0,69335.53164467722,69335.53164467722
1773066963009,5667,replace,BID,69243.89,0.01,0.0,0.0,69351.01356070956,69351.01356070956
1773066963009,5667,new,ASK,69458.14,0.006999999999999999,0.0,0.0,69351.01356070956,69351.01356070956
1773066963509,5813,replace,BID,69232.92,0.01,0.0,0.0,69332.24838679068,69332.24838679068
1773066963509,5813,replace,ASK,69431.57,0.006999999999999999,0.0,0.0,69332.24838679068,69332.24838679068
1773066964013,6019,replace,BID,69168.85,0.006999999999999999,0.0,0.0,69281.49016584092,69281.49016584092
1773066964013,6019,replace,ASK,69394.13,0.01,0.0,0.0,69281.49016584092,69281.49016584092
1773066964530,6106,replace,BID,69230.22,0.01,0.0,0.0,69337.1577550915,69337.1577550915
1773066964530,6106,replace,ASK,69444.09,0.006999999999999999,0.0,0.0,69337.1577550915,69337.1577550915
1773066965124,6167,replace,BID,69205.22,0.006999999999999999,0.0,0.0,69311.46824385958,69311.46824385958
1773066965124,6167,replace,ASK,69417.72,0.01,0.0,0.0,69311.46824385958,69311.46824385958
1773066965624,6385,replace,BID,69234.28,0.01,0.0,0.0,69318.95959864203,69318.95959864203
1773066965624,6385,replace,ASK,69403.64,0.01,0.0,0.0,69318.95959864203,69318.95959864203
1773066966124,6509,replace,BID,69225.22,0.006999999999999999,0.0,0.0,69309.99082718627,69309.99082718627
1773066966124,6509,replace,ASK,69394.76,0.01,0.0,0.0,69309.99082718627,69309.99082718627
1773066966628,6610,replace,BID,69210.89,0.006999999999999999,0.0,0.0,69290.46028192082,69290.46028192082
1773066966628,6610,replace,ASK,69370.03,0.01,0.0,0.0,69290.46028192082,69290.46028192082
1773066967128,6826,replace,BID,69173.31,0.006999999999999999,0.0,0.0,69261.05174989022,69261.05174989022
1773066967128,6826,replace,ASK,69348.8,0.01,0.0,0.0,69261.05174989022,69261.05174989022
1773066967661,7016,cancel,BID,69173.31,0.006999999999999999,0.0,0.0,69273.81763846452,69273.81763846452
1773066967661,7016,replace,ASK,69342.23,0.01,0.0,0.0,69273.81763846452,69273.81763846452
1773066968167,7177,replace,ASK,69346.23,0.01,0.0,0.0,69276.16242214183,69276.16242214183
1773066968689,7257,new,BID,69271.6,0.01,0.0,0.0,69337.68333686446,69337.68333686446
1773066968689,7257,cancel,ASK,69346.23,0.01,0.0,0.0,69337.68333686446,69337.68333686446
1773066969191,7379,cancel,BID,69271.6,0.01,0.0,0.0,69283.63089685742,69283.63089685742
1773066971302,7817,new,BID,69273.39,0.01,0.0,0.0,69344.82647990846,69344.82647990846
1773066971804,7936,cancel,BID,69273.39,0.01,0.0,0.0,69269.31669960174,69269.31669960174
1773066971804,7936,new,ASK,69339.49,0.01,0.0,0.0,69269.31669960174,69269.31669960174
1773066972306,7969,replace,ASK,69282.31,0.01,0.0,0.0,69236.31880331539,69236.31880331539
1773066972825,8107,cancel,ASK,69282.31,0.01,0.0,0.0,69308.37550975589,69308.37550975589
1773066973361,8236,new,ASK,69326.09,0.01,0.0,0.0,69264.8316922216,69264.8316922216
1773066973892,8265,replace,ASK,69324.82,0.01,0.0,0.0,69264.8316922216,69264.8316922216
1773066974392,8372,cancel,ASK,69324.82,0.01,0.0,0.0,69296.6353938368,69296.6353938368
1773066974901,8606,new,ASK,69275.37,0.01,0.0,0.0,69233.68932378979,69233.68932378979
1773066975402,8664,replace,ASK,69310.96,0.01,0.0,0.0,69241.40371723377,69241.40371723377
1773066975907,8691,replace,ASK,69306.34,0.01,0.0,0.0,69237.3407981679,69237.3407981679
1773066976453,8728,cancel,ASK,69306.34,0.01,0.0,0.0,69247.45490652314,69247.45490652314
1773066976953,9003,new,BID,69222.58,0.01,0.0,0.0,69297.05976235846,69297.05976235846
1773066977462,9139,replace,BID,69229.86,0.01,0.0,0.0,69309.47669194396,69309.47669194396
1773066977462,9139,new,ASK,69389.09,0.006999999999999999,0.0,0.0,69309.47669194396,69309.47669194396
1773066977973,9220,cancel,BID,69229.86,0.01,0.0,0.0,69238.29266603322,69238.29266603322
1773066977973,9220,replace,ASK,69286.69,0.01,0.0,0.0,69238.29266603322,69238.29266603322
1773066978475,9422,cancel,ASK,69286.69,0.01,0.0,0.0,69244.66583753373,69244.66583753373
1773066979507,9890,new,BID,69184.32,0.01,0.0,0.0,69289.53218808165,69289.53218808165
1773066979507,9890,new,ASK,69394.75,0.01,0.0,0.0,69289.53218808165,69289.53218808165
1773066980011,10007,replace,BID,69111.4,0.006999999999999999,0.0,0.0,69227.2294661092,69227.2294661092
1773066980011,10007,replace,ASK,69343.06,0.01,0.0,0.0,69227.2294661092,69227.2294661092
1773066980511,10136,replace,BID,69129.54000000001,0.006999999999999999,0.0,0.0,69236.79247422625,69236.79247422625
1773066980511,10136,replace,ASK,69344.04000000001,0.01,0.0,0.0,69236.79247422625,69236.79247422625
1773066981013,10243,replace,BID,69150.59,0.006999999999999999,0.0,0.0,69254.98255711737,69254.98255711737
1773066981013,10243,replace,ASK,69359.38,0.01,0.0,0.0,69254.98255711737,69254.98255711737
1773066981517,10353,replace,BID,69154.37,0.006999999999999999,0.0,0.0,69260.40504121948,69260.40504121948
1773066981517,10353,replace,ASK,69366.44,0.01,0.0,0.0,69260.40504121948,69260.40504121948
1773066982019,10460,replace,BID,69185.7,0.01,0.0,0.0,69284.33979516322,69284.33979516322
1773066982019,10460,replace,ASK,69382.98,0.01,0.0,0.0,69284.33979516322,69284.33979516322
1773066982532,10595,replace,BID,69186.32,0.01,0.0,0.0,69276.5611162648,69276.5611162648
1773066982532,10595,replace,ASK,69366.8,0.01,0.0,0.0,69276.5611162648,69276.5611162648
1773066983032,10719,cancel,BID,69186.32,0.01,0.0,0.0,69237.13523855705,69237.13523855705
1773066983032,10719,replace,ASK,69296.35,0.01,0.0,0.0,69237.13523855705,69237.13523855705
1773066983541,10887,cancel,ASK,69296.35,0.01,0.0,0.0,69269.29769582997,69269.29769582997
1773066984130,10993,new,BID,69212.85,0.01,0.0,0.0,69308.87384650078,69308.87384650078
1773066984130,10993,new,ASK,69404.9,0.006999999999999999,0.0,0.0,69308.87384650078,69308.87384650078
1773066984633,11157,replace,BID,69210.09,0.006999999999999999,0.0,0.0,69292.53508130893,69292.53508130893
1773066984633,11157,replace,ASK,69374.98,0.01,0.0,0.0,69292.53508130893,69292.53508130893
1773066985136,11303,cancel,BID,69210.09,0.006999999999999999,0.0,0.0,69305.14837539471,69305.14837539471
1773066985136,11303,cancel,ASK,69374.98,0.01,0.0,0.0,69305.14837539471,69305.14837539471
1773066986643,11664,new,ASK,69320.6,0.01,0.0,0.0,69277.26740329583,69277.26740329583
1773066987190,11726,cancel,ASK,69320.6,0.01,0.0,0.0,69310.86952607476,69310.86952607476
1773066988777,12041,new,ASK,69316.84,0.01,0.0,0.0,69277.84539339587,69277.84539339587
1773066989283,12217,cancel,ASK,69316.84,0.01,0.0,0.0,69323.41939603114,69323.41939603114
1773066996139,13974,new,BID,69219.88,0.006999999999999999,0.0,0.0,69303.5462757329,69303.5462757329
1773066996139,13974,new,ASK,69387.22,0.01,0.0,0.0,69303.5462757329,69303.5462757329
1773066996657,14076,replace,BID,69348.05,0.01,0.0,0.0,69403.69996989306,69403.69996989306
1773066996657,14076,cancel,ASK,69387.22,0.01,0.0,0.0,69403.69996989306,69403.69996989306
1773066997193,14202,replace,BID,69312.83,0.01,0.0,0.0,69391.42012108541,69391.42012108541
1773066997193,14202,new,ASK,69470.01,0.006999999999999999,0.0,0.0,69391.42012108541,69391.42012108541
1773066997695,14445,replace,BID,69312.02,0.01,0.0,0.0,69396.03097906864,69396.03097906864
1773066997695,14445,replace,ASK,69480.05,0.006999999999999999,0.0,0.0,69396.03097906864,69396.03097906864
1773066998195,14720,cancel,BID,69312.02,0.01,0.0,0.0,69466.76745856405,69466.76745856405
1773066998195,14720,cancel,ASK,69480.05,0.006999999999999999,0.0,0.0,69466.76745856405,69466.76745856405
1773066998722,14946,new,BID,69397.14,0.01,0.0,0.0,69461.90406704016,69461.90406704016
1773066999223,15252,replace,BID,69276.13,0.006999999999999999,0.0,0.0,69417.84525874378,69417.84525874378
1773066999223,15252,new,ASK,69559.56,0.01,0.0,0.0,69417.84525874378,69417.84525874378
1773066999738,15408,replace,BID,69248.83,0.006999999999999999,0.0,0.0,69387.27942103542,69387.27942103542
1773066999738,15408,replace,ASK,69525.73,0.01,0.0,0.0,69387.27942103542,69387.27942103542
1773067000238,15765,cancel,BID,69248.83,0.006999999999999999,0.0,0.0,69373.48968641137,69373.48968641137
1773067000238,15765,cancel,ASK,69525.73,0.01,0.0,0.0,69373.48968641137,69373.48968641137
1773067000750,15957,new,BID,69241.02,0.01,0.0,0.0,69371.4549178678,69371.4549178678
1773067000750,15957,new,ASK,69501.89,0.01,0.0,0.0,69371.4549178678,69371.4549178678
1773067001250,16082,replace,BID,69226.65,0.006999999999999999,0.0,0.0,69357.73232624258,69357.73232624258
1773067001250,16082,replace,ASK,69488.82,0.01,0.0,0.0,69357.73232624258,69357.73232624258
1773067001782,16426,replace,BID,69253.01,0.01,0.0,0.0,69393.52394108595,69393.52394108595
1773067001782,16426,replace,ASK,69534.04000000001,0.01,0.0,0.0,69393.52394108595,69393.52394108595
1773067002290,16541,replace,BID,69232.06,0.01,0.0,0.0,69389.908591745,69389.908591745
1773067002290,16541,replace,ASK,69547.76,0.01,0.0,0.0,69389.908591745,69389.908591745
1773067002797,16647,replace,BID,69216.04000000001,0.006999999999999999,0.0,0.0,69393.22636476922,69393.22636476922
1773067002797,16647,replace,ASK,69570.41,0.01,0.0,0.0,69393.22636476922,69393.22636476922
1773067003307,16869,replace,BID,69230.79000000001,0.006999999999999999,0.0,0.0,69392.74538050966,69392.74538050966
1773067003307,16869,replace,ASK,69554.7,0.01,0.0,0.0,69392.74538050966,69392.74538050966
1773067003808,17023,replace,BID,69257.09,0.01,0.0,0.0,69414.9848167519,69414.9848167519
1773067003808,17023,replace,ASK,69572.88,0.01,0.0,0.0,69414.9848167519,69414.9848167519
1773067004327,17196,replace,BID,69311.39,0.01,0.0,0.0,69462.43533176443,69462.43533176443
1773067004327,17196,replace,ASK,69613.48,0.006999999999999999,0.0,0.0,69462.43533176443,69462.43533176443
1773067004828,17512,replace,BID,69255.51,0.01,0.009285,0.0,69403.28726157935,69403.28726157935
1773067004828,17512,replace,ASK,69551.06,0.006999999999999999,0.0,0.0,69403.28726157935,69403.28726157935
1773067005334,17613,replace,BID,69290.04000000001,0.01,0.0,0.0,69446.79981736516,69446.79981736516
1773067005334,17613,replace,ASK,69603.56,0.006999999999999999,0.0,0.0,69446.79981736516,69446.79981736516
1773067005850,17835,replace,BID,69253.73,0.01,0.0,0.0,69393.50674050467,69393.50674050467
1773067005850,17835,replace,ASK,69533.28,0.01,0.0,0.0,69393.50674050467,69393.50674050467
1773067006352,17991,replace,BID,69268.04000000001,0.01,0.0,0.0,69386.85180814854,69386.85180814854
1773067006352,17991,replace,ASK,69505.66,0.01,0.0,0.0,69386.85180814854,69386.85180814854
1773067006860,18101,replace,BID,69272.33,0.006999999999999999,0.0,0.0,69382.60257571623,69382.60257571623
1773067006860,18101,replace,ASK,69492.88,0.01,0.0,0.0,69382.60257571623,69382.60257571623
1773067007363,18200,replace,BID,69271.15,0.006999999999999999,0.0,0.0,69375.72893267185,69375.72893267185
1773067007363,18200,replace,ASK,69480.31,0.01,0.0,0.0,69375.72893267185,69375.72893267185
1773067007865,18480,cancel,BID,69271.15,0.006999999999999999,0.0,0.0,69364.61458061378,69364.61458061378
1773067007865,18480,cancel,ASK,69480.31,0.01,0.0,0.0,69364.61458061378,69364.61458061378
1773067008365,18637,new,ASK,69382.12,0.01,0.0,0.0,69326.49936485787,69326.49936485787
1773067008866,18848,new,BID,69261.61,0.006999999999999999,0.0,0.0,69345.67100974632,69345.67100974632
1773067008866,18848,replace,ASK,69429.73,0.01,0.0,0.0,69345.67100974632,69345.67100974632
1773067009369,19095,replace,BID,69271.05,0.006999999999999999,0.0,0.0,69356.96940979607,69356.96940979607
1773067009369,19095,replace,ASK,69442.89,0.01,0.0,0.0,69356.96940979607,69356.96940979607
1773067009869,19285,cancel,BID,69271.05,0.006999999999999999,0.0,0.0,69364.86437510383,69364.86437510383
1773067009869,19285,cancel,ASK,69442.89,0.01,0.0,0.0,69364.86437510383,69364.86437510383
1773067010369,19545,new,ASK,69366.02,0.01,0.0,0.0,69314.16329354212,69314.16329354212
1773067010869,19683,cancel,ASK,69366.02,0.01,0.0,0.0,69322.85839810994,69322.85839810994
1773067011403,19733,new,BID,69233.08,0.006999999999999999,0.0,0.0,69311.4348757364,69311.4348757364
1773067011403,19733,new,ASK,69389.78,0.01,0.0,0.0,69311.4348757364,69311.4348757364
1773067011903,19848,cancel,BID,69233.08,0.006999999999999999,0.0,0.0,69321.17650364083,69321.17650364083
1773067011903,19848,cancel,ASK,69389.78,0.01,0.0,0.0,69321.17650364083,69321.17650364083
1773067012917,20160,new,ASK,69327.40999999999,0.01,0.0,0.0,69273.37437878232,69273.37437878232
1773067013418,20411,new,BID,69240.85,0.01,0.0,0.0,69312.89852300854,69312.89852300854
1773067013418,20411,cancel,ASK,69327.40999999999,0.01,0.0,0.0,69312.89852300854,69312.89852300854
1773067013919,20600,replace,BID,69194.35,0.006999999999999999,0.0,0.0,69274.76686585383,69274.76686585383
1773067013919,20600,new,ASK,69355.18000000001,0.01,0.0,0.0,69274.76686585383,69274.76686585383
1773067014420,20950,replace,BID,69149.94,0.006999999999999999,0.0,0.0,69248.8699358095,69248.8699358095
1773067014420,20950,replace,ASK,69347.8,0.01,0.0,0.0,69248.8699358095,69248.8699358095
1773067014920,21009,replace,BID,69202.0,0.01,0.0,0.0,69287.70735181711,69287.70735181711
1773067014920,21009,replace,ASK,69373.41,0.01,0.0,0.0,69287.70735181711,69287.70735181711
1773067015457,21076,replace,BID,69191.41,0.006999999999999999,0.0,0.0,69276.20806990229,69276.20806990229
1773067015457,21076,replace,ASK,69361.0,0.01,0.0,0.0,69276.20806990229,69276.20806990229
1773067015958,21232,cancel,BID,69191.41,0.006999999999999999,0.0,0.0,69270.89182063668,69270.89182063668
1773067015958,21232,cancel,ASK,69361.0,0.01,0.0,0.0,69270.89182063668,69270.89182063668
1773067016994,21580,new,BID,69198.61,0.006999999999999999,0.0,0.0,69279.4841722628,69279.4841722628
1773067016994,21580,new,ASK,69360.36,0.01,0.0,0.0,69279.4841722628,69279.4841722628
1773067017495,21684,replace,BID,69222.78,0.01,0.0,0.0,69302.47324772114,69302.47324772114
1773067017495,21684,replace,ASK,69382.17,0.01,0.0,0.0,69302.47324772114,69302.47324772114
1773067017995,21751,replace,BID,69216.74,0.01,0.0,0.0,69294.5120542829,69294.5120542829
1773067017995,21751,replace,ASK,69372.28,0.01,0.0,0.0,69294.5120542829,69294.5120542829
1773067018544,21890,cancel,BID,69216.74,0.01,0.0,0.0,69275.77741929311,69275.77741929311
1773067018544,21890,replace,ASK,69348.54000000001,0.01,0.0,0.0,69275.77741929311,69275.77741929311
1773067019059,22035,cancel,ASK,69348.54000000001,0.01,0.0,0.0,69286.1041473752,69286.1041473752
1773067021082,22647,new,ASK,69329.6,0.01,0.0,0.0,69260.43847453484,69260.43847453484
1773067021591,22748,replace,ASK,69296.7,0.01,0.0,0.0,69230.22919019384,69230.22919019384
1773067022111,22875,replace,ASK,69305.94,0.01,0.0,0.0,69238.89263648399,69238.89263648399
1773067022619,22946,replace,ASK,69303.75,0.01,0.0,0.0,69238.10207867071,69238.10207867071
1773067023135,23026,cancel,ASK,69303.75,0.01,0.0,0.0,69260.28004793315,69260.28004793315
1773067024145,23281,new,ASK,69275.45,0.01,0.0,0.0,69205.29088950597,69205.29088950597
1773067024660,23499,replace,ASK,69282.97,0.01,0.0,0.0,69223.03533877878,69223.03533877878
1773067025160,23745,new,BID,69196.8,0.006999999999999999,0.0,0.0,69274.14020172198,69274.14020172198
1773067025160,23745,replace,ASK,69351.48,0.01,0.0,0.0,69274.14020172198,69274.14020172198
1773067025709,23811,cancel,BID,69196.8,0.006999999999999999,0.0,0.0,69271.91586455365,69271.91586455365
1773067025709,23811,replace,ASK,69339.95,0.01,0.0,0.0,69271.91586455365,69271.91586455365
1773067026214,23924,cancel,ASK,69339.95,0.01,0.0,0.0,69289.55444358487,69289.55444358487
1773067026775,24049,new,ASK,69332.37,0.01,0.0,0.0,69262.12840284976,69262.12840284976
1773067027275,24133,cancel,ASK,69332.37,0.01,0.0,0.0,69286.02997123303,69286.02997123303
1773067028309,24349,new,BID,69153.5,0.006999999999999999,0.0,0.0,69234.3754393232,69234.3754393232
1773067028309,24349,new,ASK,69315.25,0.01,0.0,0.0,69234.3754393232,69234.3754393232
1773067028815,24450,replace,BID,69145.11,0.006999999999999999,0.0,0.0,69223.79778408444,69223.79778408444
1773067028815,24450,replace,ASK,69302.48,0.01,0.0,0.0,69223.79778408444,69223.79778408444
1773067029317,24598,replace,BID,69123.24,0.006999999999999999,0.0,0.0,69226.95251061491,69226.95251061491
1773067029317,24598,replace,ASK,69330.67,0.01,0.0,0.0,69226.95251061491,69226.95251061491
1773067029820,24803,replace,BID,69161.28,0.006999999999999999,0.0,0.0,69249.97799888017,69249.97799888017
1773067029820,24803,replace,ASK,69338.67,0.01,0.0,0.0,69249.97799888017,69249.97799888017
1773067030321,24920,cancel,BID,69161.28,0.006999999999999999,0.0,0.0,69240.08889410296,69240.08889410296
1773067030321,24920,replace,ASK,69290.78,0.01,0.0,0.0,69240.08889410296,69240.08889410296
1773067030821,25002,cancel,ASK,69290.78,0.01,0.0,0.0,69268.65477104386,69268.65477104386
1773067032871,25488,new,ASK,69280.51,0.01,0.0,0.0,69230.58548386543,69230.58548386543
1773067042491,31148,new,BID,69374.16,0.014175000000000002,0.0236,-0.01,69415.0162935981,69415.02162693144
1773067042991,31254,cancel,BID,69374.16,0.014175000000000002,0.0,-0.01,69380.12173466096,69380.1270679943
1773067084157,43857,new,BID,69346.0,0.014175000000000002,0.7,-0.01,69402.31034342016,69402.3156767535
1773067084665,43962,cancel,BID,69346.0,0.014175000000000002,0.0,-0.01,69316.10401727816,69316.1093506115
1773067095385,48290,new,BID,69372.66,0.014175000000000002,0.22981196,-0.01,69412.07790324521,69412.08323657855
1773067095887,48443,cancel,BID,69372.66,0.014175000000000002,0.0,-0.01,69352.54970053076,69352.55503386409
1773067098931,49200,new,BID,69393.45,0.014175000000000002,0.0406,-0.01,69446.76707017061,69446.77240350394
1773067099443,49293,cancel,BID,69393.45,0.014175000000000002,0.016999999999999998,-0.01,69402.93712323299,69402.94245656632
1773067134080,58209,new,BID,69372.0,0.014175000000000002,0.7,-0.01,69426.16872151263,69426.17405484596
1773067134620,58339,replace,BID,69369.0,0.014175000000000002,3.0,-0.01,69427.27011118739,69427.27544452072
1773067135142,58446,replace,BID,69372.0,0.014175000000000002,0.7,-0.01,69419.37813028505,69419.38346361839
1773067135668,58517,cancel,BID,69372.0,0.014175000000000002,0.0,-0.01,69377.06319065011,69377.06852398344
1773067148112,61625,new,BID,69374.3,0.014175000000000002,0.22958307,-0.01,69414.23521407256,69414.24054740589
1773067148615,61683,cancel,BID,69374.3,0.014175000000000002,0.20621567,-0.01,69389.3377372389,69389.34307057223
1773067185240,73548,new,BID,69358.84,0.014175000000000002,0.017,-0.01,69402.4789076972,69402.48424103053
1773067185752,73742,cancel,BID,69358.84,0.014175000000000002,0.0,-0.01,69361.33761940348,69361.34295273681
1773067195153,76083,new,BID,69362.44,0.014175000000000002,0.0236,-0.01,69405.05861669393,69405.06395002727
1773067195668,76419,cancel,BID,69362.44,0.014175000000000002,0.0,-0.01,69364.19524180963,69364.20057514297
1773067236372,89776,new,BID,69308.41,0.014175000000000002,0.0406,-0.01,69365.52669540807,69365.5320287414
1773067236885,89944,cancel,BID,69308.41,0.014175000000000002,0.0,-0.01,69347.23248688613,69347.23782021947
1773067237887,90433,new,BID,69348.22,0.014175000000000002,0.22997073,-0.01,69389.97045266896,69389.9757860023
1773067238390,90636,cancel,BID,69348.22,0.014175000000000002,2.42861286636753e-17,-0.01,69362.22069769217,69362.22603102551
1773067242995,91698,new,BID,69346.05,0.014175000000000002,0.07846465,-0.01,69390.65060066812,69390.65593400145
1773067243500,91817,cancel,BID,69346.05,0.014175000000000002,0.0,-0.01,69360.69959672524,69360.70493005858
1773067245570,92424,new,BID,69353.95,0.014175000000000002,0.22984651,-0.01,69396.03009388444,69396.03542721778
1773067246626,92775,cancel,BID,69353.95,0.014175000000000002,0.0,-0.01,69360.82912007849,69360.83445341182
1773067252432,94465,new,BID,69365.0,0.014175000000000002,3.0406,-0.01,69417.94570560894,69417.95103894228
1773067252932,94659,cancel,BID,69365.0,0.014175000000000002,0.0,-0.01,69381.69466509826,69381.69999843159
1773067253435,94833,new,BID,69357.54,0.014175000000000002,0.14873,-0.01,69407.42987581066,69407.435209144
1773067253971,95050,cancel,BID,69357.54,0.014175000000000002,0.0,-0.01,69375.02565993986,69375.03099327319
1773067254542,95119,new,BID,69341.28,0.014175000000000002,0.04492,-0.01,69391.092759394,69391.09809272733
1773067255116,95204,cancel,BID,69341.28,0.014175000000000002,0.04492,-0.01,69355.79035144749,69355.79568478082
1773067263254,97600,new,BID,69390.19,0.014175000000000002,0.017,-0.01,69433.2567228972,69433.26205623054
1773067263754,97689,cancel,BID,69390.19,0.014175000000000002,0.017,-0.01,69398.58146193557,69398.5867952689
1773067269307,99493,new,BID,69404.07,0.014175000000000002,0.0406,-0.01,69445.80611971745,69445.81145305079
1773067269807,99669,cancel,BID,69404.07,0.014175000000000002,0.0,-0.01,69423.31513195529,69423.32046528862
1773067280042,103158,new,BID,69410.58,0.014175000000000002,0.017,-0.01,69463.49346600838,69463.49879934172
1773067280584,103399,cancel,BID,69410.58,0.014175000000000002,0.0,-0.01,69438.9146824798,69438.92001581313
1773067283166,104401,new,BID,69433.15,0.014175000000000002,0.0236,-0.01,69476.08253185003,69476.08786518336
1773067284182,104595,cancel,BID,69433.15,0.014175000000000002,0.0,-0.01,69476.22705829632,69476.23239162966
1773067289313,106598,new,BID,69423.2,0.014175000000000002,0.0236,-0.01,69467.19712964418,69467.20246297751
1773067289813,106788,replace,BID,69428.43,0.014175000000000002,0.0406,-0.01,69476.1063364204,69476.11166975374
1773067290322,106933,cancel,BID,69428.43,0.014175000000000002,0.0,-0.01,69425.00730611355,69425.01263944688
1773067291849,107451,new,BID,69431.91,0.014175000000000002,0.0236,-0.01,69474.57129396615,69474.57662729948
1773067292350,107612,cancel,BID,69431.91,0.014175000000000002,0.0,-0.01,69451.65422240568,69451.65955573901
1773067344763,126254,new,BID,69279.62,0.014175000000000002,0.07849633,-0.01,69328.34876442622,69328.35409775955
1773067345277,126512,cancel,BID,69279.62,0.014175000000000002,3.469446951953614e-18,-0.01,69313.05791317577,69313.0632465091
1773067347358,127050,new,BID,69274.92,0.014175000000000002,0.07849163,-0.01,69319.07590704448,69319.08124037781
1773067347859,127260,cancel,BID,69274.92,0.014175000000000002,3.469446951953614e-18,-0.01,69267.403748,69267.40908133333
1773067385922,139683,new,BID,69338.04,0.014175000000000002,0.0236,-0.01,69383.28784262798,69383.29317596131
1773067386427,139832,cancel,BID,69338.04,0.014175000000000002,0.006599999999999998,-0.01,69353.14216752877,69353.1475008621
1773067404459,145392,new,BID,69404.04,0.014175000000000002,0.03782098,-0.01,69443.49134631714,69443.49667965047
1773067404960,145527,cancel,BID,69404.04,0.014175000000000002,0.0,-0.01,69425.63941905629,69425.64475238962
1773067410175,147017,new,BID,69382.98,0.014175000000000002,0.123935,-0.01,69454.98431052045,69454.98964385378
1773067410690,147088,cancel,BID,69382.98,0.014175000000000002,0.0,-0.01,69336.7390884634,69336.74442179673
1773067416823,148540,new,BID,69386.0,0.014175000000000002,0.7,-0.01,69427.5197699748,69427.52510330813
1773067417340,148587,cancel,BID,69386.0,0.014175000000000002,0.0,-0.01,69384.18468002055,69384.19001335389
1773067419926,149102,new,BID,69369.5,0.014175000000000002,0.125251,-0.01,69411.80493594155,69411.81026927488
1773067420442,149237,cancel,BID,69369.5,0.014175000000000002,0.125251,-0.01,69368.60685345858,69368.61218679191
1773067423007,149924,new,BID,69382.62,0.014175000000000002,0.017,-0.01,69424.13939691916,69424.14473025249
1773067423511,150164,cancel,BID,69382.62,0.014175000000000002,0.0,-0.01,69400.27116918316,69400.2765025165
1773067430302,151540,new,BID,69370.25,0.014175000000000002,0.126044,-0.01,69415.3059629925,69415.31129632583
1773067430802,151667,replace,BID,69370.88,0.014175000000000002,0.0,-0.01,69409.48146467516,69409.4867980085
1773067431810,151789,replace,BID,69369.13,0.014175000000000002,0.0,-0.01,69410.61641903438,69410.62175236772
1773067432313,151834,cancel,BID,69369.13,0.014175000000000002,0.0,-0.01,69383.53950277914,69383.54483611247
1773067440209,153365,new,BID,69333.13,0.014175000000000002,0.126216,-0.01,69377.8959280594,69377.90126139273
1773067440723,153645,cancel,BID,69333.13,0.014175000000000002,0.126216,-0.01,69353.54079239002,69353.54612572335
1773067444647,154390,new,BID,69354.69,0.014175000000000002,0.017,-0.01,69398.77298686201,69398.77832019534
1773067445158,154560,replace,BID,69360.15,0.014175000000000002,0.017,-0.01,69400.36731318975,69400.37264652309
1773067445772,154601,cancel,BID,69360.15,0.014175000000000002,0.017,-0.01,69387.33723762128,69387.34257095461
1773067446401,154624,new,BID,69362.39,0.014175000000000002,0.0,-0.01,69400.36731318975,69400.37264652309
1773067446913,154721,cancel,BID,69362.39,0.014175000000000002,0.0,-0.01,69349.68854332634,69349.69387665967
1773067457322,156998,new,BID,69335.04000000001,0.014175000000000002,0.0,-0.01,69383.49223732555,69383.49757065889
1773067457839,157198,cancel,BID,69335.04000000001,0.014175000000000002,0.0,-0.01,69342.76163958665,69342.76697291998
1773067458344,157360,new,BID,69339.65,0.014175000000000002,0.017,-0.01,69384.59759031306,69384.6029236464
1773067458847,157440,cancel,BID,69339.65,0.014175000000000002,0.017,-0.01,69354.58402525484,69354.58935858817
1773067460399,157805,new,BID,69368.66,0.014175000000000002,0.017,-0.01,69407.7696195346,69407.77495286794
1773067460900,157883,cancel,BID,69368.66,0.014175000000000002,0.0,-0.01,69394.56663032687,69394.5719636602
1773067465076,158694,new,BID,69376.98000000001,0.014175000000000002,0.0,-0.01,69423.49336063873,69423.49869397207
1773067466588,159047,cancel,BID,69376.98000000001,0.014175000000000002,0.0,-0.01,69375.83341572572,69375.83874905905
1773067474138,160342,new,BID,69380.0,0.014175000000000002,0.7,-0.01,69428.30784128502,69428.31317461835
1773067474685,160518,cancel,BID,69380.0,0.014175000000000002,0.7,-0.01,69368.5918459791,69368.59717931243
1773067477806,161161,new,BID,69388.09,0.014175000000000002,0.126372,-0.01,69430.50495771282,69430.51029104616
1773067478316,161201,cancel,BID,69388.09,0.014175000000000002,0.126372,-0.01,69423.21188842623,69423.21722175957
1773067490250,163943,new,BID,69415.99,0.014175000000000002,0.037,-0.01,69459.72585248647,69459.73118581981
1773067490763,164006,cancel,BID,69415.99,0.014175000000000002,0.037,-0.01,69432.75525775837,69432.7605910917
1773067501205,166070,new,BID,69431.64,0.014175000000000002,0.142544,-0.01,69480.73883185581,69480.74416518914
1773067501708,166362,cancel,BID,69431.64,0.014175000000000002,0.0,-0.01,69418.29398111712,69418.29931445046
1773067504803,167066,new,BID,69413.73,0.014175000000000002,0.124682,-0.01,69458.22583941632,69458.23117274966
1773067505304,167179,cancel,BID,69413.73,0.014175000000000002,0.124682,-0.01,69414.79637305666,69414.80170638999
1773067507337,167807,new,BID,69401.6,0.014175000000000002,0.14203,-0.01,69460.67293318415,69460.67826651748
1773067508345,167940,cancel,BID,69401.6,0.014175000000000002,0.12502999999999997,-0.01,69389.30154337159,69389.30687670493
1773067508855,168137,new,BID,69401.6,0.014175000000000002,0.14203,-0.01,69443.30715583217,69443.3124891655
1773067509375,168297,cancel,BID,69401.6,0.014175000000000002,0.0,-0.01,69425.39313539688,69425.39846873021
1773067529742,173500,new,BID,69412.0,0.014175000000000002,0.7,-0.01,69469.17307560793,69469.17840894127
1773067530243,173639,cancel,BID,69412.0,0.014175000000000002,0.0,-0.01,69409.84116790317,69409.8465012365
1773067531752,174139,new,BID,69424.91,0.014175000000000002,0.03978,-0.01,69472.16448871284,69472.16982204617
1773067532289,174221,cancel,BID,69424.91,0.014175000000000002,0.0,-0.01,69456.48335683529,69456.48869016863
1773067532807,174253,new,BID,69416.0,0.014175000000000002,0.7,-0.01,69477.02882119312,69477.03415452645
1773067534409,174335,cancel,BID,69416.0,0.014175000000000002,0.7,-0.01,69444.63267770434,69444.63801103768
1773067550199,179066,new,BID,69362.38,0.014175000000000002,0.0406,-0.01,69409.85494773663,69409.86028106997
1773067550699,179256,replace,BID,69369.29,0.014175000000000002,0.0406,-0.01,69423.67344632275,69423.67877965608
1773067551706,179614,cancel,BID,69369.29,0.014175000000000002,0.0,-0.01,69387.3837669408,69387.38910027413
1773067553784,180029,new,BID,69370.89,0.014175000000000002,0.149087,-0.01,69417.78995384376,69417.7952871771
1773067554284,180117,cancel,BID,69370.89,0.014175000000000002,0.078287,-0.01,69365.66737573151,69365.67270906485
1773067571846,185178,new,BID,69365.99,0.014175000000000002,0.251432,-0.01,69409.91792387237,69409.92325720571
1773067572371,185304,cancel,BID,69365.99,0.014175000000000002,0.0,-0.01,69394.90048238653,69394.90581571986
1773067573901,185673,new,BID,69358.0,0.014175000000000002,0.951793,-0.01,69408.95947661772,69408.96480995105
1773067574525,185727,cancel,BID,69358.0,0.014175000000000002,0.951793,-0.01,69384.29109992899,69384.29643326232
1773067578151,186954,new,BID,69372.45,0.014175000000000002,0.1265,-0.01,69412.53510439521,69412.54043772854
1773067578661,187220,replace,BID,69373.1,0.014175000000000002,0.017,-0.01,69426.10677042314,69426.11210375647
1773067579691,187314,cancel,BID,69373.1,0.014175000000000002,0.0,-0.01,69391.32451054163,69391.32984387496
1773067580249,187595,new,BID,69385.78,0.014175000000000002,0.017,-0.01,69427.7190822839,69427.72441561724
1773067580904,187683,cancel,BID,69385.78,0.014175000000000002,0.0,-0.01,69410.8353923256,69410.84072565894
1773067582998,188230,new,BID,69380.01,0.014175000000000002,0.125568,-0.01,69431.12193260211,69431.12726593544
1773067583509,188313,replace,BID,69380.4,0.014175000000000002,0.252114,-0.01,69424.40927122101,69424.41460455435
1773067584009,188424,cancel,BID,69380.4,0.014175000000000002,0.252114,-0.01,69413.75410940427,69413.7594427376
1773067587105,189393,new,BID,69355.0,0.014175000000000002,3.0,-0.01,69395.32271184234,69395.32804517567
1773067587644,189494,cancel,BID,69355.0,0.014175000000000002,0.0,-0.01,69365.03220347177,69365.0375368051
1773067592917,190242,new,BID,69339.0,0.014175000000000002,3.142349,-0.01,69378.25358922804,69378.25892256138
1773067593470,190479,cancel,BID,69339.0,0.014175000000000002,0.12534899999999982,-0.01,69333.89092387463,69333.89625720796
1773067606407,193035,new,BID,69328.46,0.014175000000000002,0.149404,-0.01,69374.61763857608,69374.62297190941
1773067606907,193182,cancel,BID,69328.46,0.014175000000000002,0.0,-0.01,69346.11857337304,69346.12390670637
1773067607937,193670,new,BID,69340.63,0.014175000000000002,0.122497,-0.01,69398.01359502165,69398.01892835498
1773067608472,193838,cancel,BID,69340.63,0.014175000000000002,0.0,-0.01,69350.79218370774,69350.79751704108
1773067612551,194750,new,BID,69334.61,0.014175000000000002,0.02236,-0.01,69376.56287155804,69376.56820489137
1773067613062,194907,cancel,BID,69334.61,0.014175000000000002,0.0,-0.01,69344.80597828954,69344.81131162288
1773067613564,194989,new,BID,69332.78,0.014175000000000002,0.0,-0.01,69374.7828557996,69374.78818913293
1773067614069,195042,cancel,BID,69332.78,0.014175000000000002,0.0,-0.01,69275.74889647259,69275.75422980593
1773067617203,195676,new,BID,69347.21,0.014175000000000002,0.0236,-0.01,69389.60063965288,69389.60597298622
1773067617807,196014,replace,BID,69341.66,0.014175000000000002,0.147643,-0.01,69379.98677774852,69379.99211108185
1773067618307,196201,cancel,BID,69341.66,0.014175000000000002,0.0,-0.01,69371.0987605535,69371.10409388684
1773067618808,196395,new,BID,69346.0,0.014175000000000002,0.824237,-0.01,69394.99513940793,69395.00047274126
1773067619316,196606,cancel,BID,69346.0,0.014175000000000002,0.824237,-0.01,69373.04908156546,69373.0544148988
1773067619817,196705,new,BID,69346.0,0.014175000000000002,0.82452,-0.01,69400.98912428843,69400.99445762177
1773067620317,196779,cancel,BID,69346.0,0.014175000000000002,0.82452,-0.01,69361.89674007642,69361.90207340976
1773067620818,196971,new,BID,69348.45,0.014175000000000002,0.148329,-0.01,69396.62736419128,69396.63269752462
1773067621318,197236,cancel,BID,69348.45,0.014175000000000002,0.0,-0.01,69377.90239656805,69377.90772990139
1773067666933,207853,new,BID,69333.14,0.014175000000000002,0.0,-0.01,69376.65628951878,69376.66162285212
1773067667445,208006,cancel,BID,69333.14,0.014175000000000002,0.0,-0.01,69349.557138,69349.56247133334
1773067668462,208445,new,BID,69335.14,0.014175000000000002,0.125876,-0.01,69379.78198901891,69379.78732235225
1773067668962,208485,replace,BID,69339.2,0.014175000000000002,0.0,-0.01,69391.10185623914,69391.10718957247
1773067669487,208516,replace,BID,69341.39,0.014175000000000002,0.0,-0.01,69391.10185623914,69391.10718957247
1773067670020,208548,replace,BID,69338.87,0.014175000000000002,0.0,-0.01,69384.20087493488,69384.20620826821
1773067670520,208781,cancel,BID,69338.87,0.014175000000000002,0.0,-0.01,69312.03190248003,69312.03723581336
1773067676927,210026,new,BID,69344.13,0.014175000000000002,0.149852,-0.01,69384.05361376372,69384.05894709706
1773067677434,210152,cancel,BID,69344.13,0.014175000000000002,0.126252,-0.01,69323.41745850531,69323.42279183865
1773067681658,211083,new,BID,69325.3,0.014175000000000002,0.126367,-0.01,69371.46645449258,69371.47178782591
1773067682163,211188,cancel,BID,69325.3,0.014175000000000002,0.10276700000000001,-0.01,69344.26302914019,69344.26836247352
1773067687393,212459,new,BID,69313.08,0.014175000000000002,0.126451,-0.01,69355.45600589272,69355.46133922605
1773067688412,212990,replace,BID,69320.89,0.014175000000000002,0.0236,-0.01,69365.93959529304,69365.94492862637
1773067688966,213044,cancel,BID,69320.89,0.014175000000000002,0.0236,-0.01,69336.279483,69336.28481633334
1773067690071,213113,new,BID,69320.89,0.014175000000000002,0.0236,-0.01,69365.93959529304,69365.94492862637
1773067690583,213275,cancel,BID,69320.89,0.014175000000000002,0.0,-0.01,69338.0345662516,69338.03989958494
1773067698005,215257,new,BID,69322.58,0.014175000000000002,0.149964,-0.01,69368.10907190034,69368.11440523367
1773067698505,215289,replace,BID,69323.27,0.014175000000000002,0.12638,-0.01,69366.48258403495,69366.48791736829
1773067699051,215313,cancel,BID,69323.27,0.014175000000000002,0.10278,-0.01,69338.75293866245,69338.75827199579
1773067704839,216535,new,BID,69308.93000000001,0.014175000000000002,0.0,-0.01,69351.17093018853,69351.17626352186
1773067705339,216654,replace,BID,69310.85,0.014175000000000002,0.0,-0.01,69352.67264558337,69352.6779789167
1773067706442,216823,cancel,BID,69310.85,0.014175000000000002,0.0,-0.01,69284.43133959369,69284.43667292703
1773067717211,219953,new,BID,69293.56,0.014175000000000002,0.150144,-0.01,69331.90938461258,69331.91471794591
1773067717718,220283,cancel,BID,69293.56,0.014175000000000002,0.102944,-0.01,69318.06827582147,69318.0736091548
1773067729609,223346,new,BID,69276.85,0.014175000000000002,0.126559,-0.01,69318.94334024756,69318.94867358089
1773067730135,223464,cancel,BID,69276.85,0.014175000000000002,0.0,-0.01,69271.9854298344,69271.99076316773
1773067732289,223912,new,BID,69280.44,0.014175000000000002,0.126566,-0.01,69322.80606869754,69322.81140203087
1773067732811,224121,cancel,BID,69280.44,0.014175000000000002,0.0,-0.01,69292.92680385837,69292.9321371917
1773067733410,224171,new,BID,69278.14,0.014175000000000002,0.126568,-0.01,69321.73397072544,69321.73930405878
1773067733910,224432,cancel,BID,69278.14,0.014175000000000002,0.126568,-0.01,69303.612951,69303.61828433334
1773067735465,224746,new,BID,69295.55,0.014175000000000002,0.126572,-0.01,69341.02776401174,69341.03309734508
1773067737626,224886,cancel,BID,69295.55,0.014175000000000002,0.0,-0.01,69312.18026791714,69312.18560125047
1773067742246,226104,new,BID,69307.14,0.014175000000000002,0.017,-0.01,69364.17505706803,69364.18039040137
1773067742826,226369,cancel,BID,69307.14,0.014175000000000002,0.0,-0.01,69321.12224327814,69321.12757661147
1773067761432,230996,new,BID,69214.42,0.014175000000000002,0.0406,-0.01,69254.70146216001,69254.70679549334
1773067762825,231303,cancel,BID,69214.42,0.014175000000000002,0.0,-0.01,69239.86751092206,69239.8728442554
1773067763330,231391,new,BID,69214.42,0.014175000000000002,0.274054,-0.01,69263.71798823998,69263.72332157331
1773067764348,231507,cancel,BID,69214.42,0.014175000000000002,0.274054,-0.01,69251.86560187799,69251.87093521132
1773067769442,232466,new,BID,69214.42,0.014175000000000002,0.0406,-0.01,69255.11096884485,69255.11630217818
1773067770455,232713,cancel,BID,69214.42,0.014175000000000002,0.016999999999999998,-0.01,69232.01061721741,69232.01595055075
1773067773019,233888,new,BID,69250.9,0.014175000000000002,0.124563,-0.01,69293.0095313255,69293.01486465883
1773067774028,234066,cancel,BID,69250.9,0.014175000000000002,0.0,-0.01,69233.60100667618,69233.60634000952
1773067776561,234589,new,BID,69236.81,0.014175000000000002,0.12524,-0.01,69279.03305557503,69279.03838890836
1773067777080,234841,cancel,BID,69236.81,0.014175000000000002,0.0,-0.01,69258.67020341822,69258.67553675156
1773067796787,239937,new,BID,69263.9,0.014175000000000002,0.35,-0.01,69352.0840718265,69352.08940515983
1773067797330,240056,cancel,BID,69263.9,0.014175000000000002,0.0,-0.01,69280.63431506391,69280.63964839725
1773067797860,240136,new,BID,69256.34,0.014175000000000002,0.0236,-0.01,69300.385298,69300.39063133333
1773067798364,240184,replace,BID,69258.79,0.014175000000000002,0.0236,-0.01,69302.16636599998,69302.17169933331
1773067798864,240327,replace,BID,69260.88,0.014175000000000002,0.0236,-0.01,69305.438328,69305.44366133334
1773067799379,240454,cancel,BID,69260.88,0.014175000000000002,0.0,-0.01,69245.228184,69245.23351733334
1773067817099,246045,new,BID,69217.0,0.014175000000000002,3.0,-0.01,69271.39506157096,69271.4003949043
1773067817602,246159,cancel,BID,69217.0,0.014175000000000002,0.0,-0.01,69201.05021092153,69201.05554425486
1773067848408,254260,new,BID,69251.33,0.014175000000000002,0.0236,-0.01,69293.85520690973,69293.86054024307
1773067848918,254325,cancel,BID,69251.33,0.014175000000000002,0.0,-0.01,69228.8587886925,69228.86412202583
1773067852951,255549,new,BID,69261.74,0.014175000000000002,0.0406,-0.01,69309.14734068852,69309.15267402185
1773067853461,255716,cancel,BID,69261.74,0.014175000000000002,0.0,-0.01,69245.04540458672,69245.05073792006
1773067864407,259448,new,BID,69275.35,0.014175000000000002,0.0406,-0.01,69314.40513673099,69314.41047006432
1773067864911,259507,cancel,BID,69275.35,0.014175000000000002,0.006599999999999995,-0.01,69286.4385477466,69286.44388107993
1773067865940,259652,new,BID,69275.35,0.014175000000000002,0.0406,-0.01,69314.11633133925,69314.12166467258
1773067866941,260241,cancel,BID,69275.35,0.014175000000000002,0.0,-0.01,69308.25471328618,69308.26004661951
1773067874188,262445,new,BID,69332.99,0.014175000000000002,0.07846779,-0.01,69377.6887579965,69377.69409132983
1773067874689,262663,cancel,BID,69332.99,0.014175000000000002,0.07846779,-0.01,69364.3015047065,69364.30683803983
1773067876239,262947,new,BID,69332.99,0.014175000000000002,0.22991753,-0.01,69388.10456840949,69388.10990174282
1773067876741,263119,replace,BID,69351.38,0.014175000000000002,0.017,-0.01,69390.57299653937,69390.5783298727
1773067877241,263398,replace,BID,69351.61,0.014175000000000002,0.0406,-0.01,69395.28417739866,69395.289510732
1773067877751,263492,cancel,BID,69351.61,0.014175000000000002,0.0,-0.01,69366.05924609343,69366.06457942676
1773067878822,263582,new,BID,69353.15,0.014175000000000002,0.0,-0.01,69407.83889513151,69407.84422846485
1773067879322,263627,cancel,BID,69353.15,0.014175000000000002,0.0,-0.01,69376.1032790226,69376.10861235594
1773067880355,263737,new,BID,69358.9,0.014175000000000002,0.0406,-0.01,69405.03192814073,69405.03726147406
1773067880855,264212,cancel,BID,69358.9,0.014175000000000002,0.0,-0.01,69319.81271992066,69319.818053254
1773067887565,266262,new,BID,69362.37000000001,0.014175000000000002,0.0,-0.01,69409.86295242497,69409.8682857583
1773067888065,266551,cancel,BID,69362.37000000001,0.014175000000000002,0.0,-0.01,69347.36456275458,69347.36989608791
1773067893711,268434,new,BID,69323.9,0.014175000000000002,0.126276,-0.01,69369.59166031353,69369.59699364686
1773067894216,268457,cancel,BID,69323.9,0.014175000000000002,0.126276,-0.01,69331.68920917899,69331.69454251233
1773067895822,269229,new,BID,69323.91,0.014175000000000002,0.126336,-0.01,69369.74051047447,69369.7458438078
1773067896869,269387,cancel,BID,69323.91,0.014175000000000002,0.126336,-0.01,69341.78013692517,69341.7854702585
1773067897396,269433,new,BID,69323.91,0.014175000000000002,0.126336,-0.01,69369.51042059237,69369.5157539257
1773067897903,269491,cancel,BID,69323.91,0.014175000000000002,0.126336,-0.01,69345.97382378,69345.97915711334
1773067898411,269579,new,BID,69323.91,0.014175000000000002,0.126336,-0.01,69369.51042059237,69369.5157539257
1773067898911,269966,replace,BID,69334.61,0.014175000000000002,0.0,-0.01,69381.84908214056,69381.85441547389
1773067899428,270370,cancel,BID,69334.61,0.014175000000000002,0.0,-0.01,69368.90923301951,69368.91456635285
1773067899929,270408,new,BID,69333.66,0.014175000000000002,0.126422,-0.01,69379.27275044424,69379.27808377758
1773067900477,270453,cancel,BID,69333.66,0.014175000000000002,0.0,-0.01,69351.53969596015,69351.54502929348
1773067900986,270530,new,BID,69333.01000000001,0.014175000000000002,0.0,-0.01,69378.62342303578,69378.62875636911
1773067901487,270609,replace,BID,69330.82,0.014175000000000002,0.130767,-0.01,69376.72087683511,69376.72621016845
1773067901992,270693,cancel,BID,69330.82,0.014175000000000002,0.130767,-0.01,69362.4971404726,69362.50247380593
1773067905697,271745,new,BID,69335.24,0.014175000000000002,0.16434842,-0.01,69382.91647560967,69382.921808943
1773067906199,271875,cancel,BID,69335.24,0.014175000000000002,0.12647799999999998,-0.01,69340.86995980615,69340.87529313948
1773067906706,272115,new,BID,69342.77,0.014175000000000002,0.126499,-0.01,69388.39403556398,69388.39936889731
1773067907244,272228,cancel,BID,69342.77,0.014175000000000002,0.126499,-0.01,69375.06127290477,69375.0666062381
1773067909750,273441,new,BID,69339.58,0.014175000000000002,0.18798646,-0.01,69388.15899943114,69388.16433276447
1773067910264,273501,cancel,BID,69339.58,0.014175000000000002,0.126517,-0.01,69374.84374101592,69374.84907434926
1773067912784,274400,new,BID,69334.61,0.014175000000000002,0.1879989,-0.01,69383.2056614114,69383.21099474473
1773067913285,274655,cancel,BID,69334.61,0.014175000000000002,0.126529,-0.01,69329.92631164409,69329.93164497742
1773067913790,274838,new,BID,69334.61,0.014175000000000002,0.126529,-0.01,69380.24748152285,69380.25281485618
1773067914297,274921,cancel,BID,69334.61,0.014175000000000002,0.08866026,-0.01,69352.51933844233,69352.52467177567
1773067915303,275150,new,BID,69331.81000000001,0.014175000000000002,0.0,-0.01,69377.45374138468,69377.45907471802
1773067917327,275730,cancel,BID,69331.81000000001,0.014175000000000002,0.0,-0.01,69377.67216533046,69377.67749866379
1773067918334,276084,new,BID,69335.47,0.014175000000000002,0.126549,-0.01,69381.09266688985,69381.09800022318
1773067918834,276235,cancel,BID,69335.47,0.014175000000000002,0.0,-0.01,69364.5747775066,69364.58011083993
1773067923074,277104,new,BID,69339.84000000001,0.014175000000000002,0.0,-0.01,69384.47379779854,69384.47913113187
1773067924105,277315,cancel,BID,69339.84000000001,0.014175000000000002,0.0,-0.01,69349.87333440561,69349.87866773894
1773067929225,278761,new,BID,69326.99,0.014175000000000002,0.126559,-0.01,69372.01251009443,69372.01784342776
1773067929736,278894,cancel,BID,69326.99,0.014175000000000002,0.0,-0.01,69331.9204575422,69331.92579087554
1773067930758,279291,new,BID,69321.97,0.014175000000000002,0.126493,-0.01,69367.579940412,69367.58527374534
1773067931258,279379,replace,BID,69320.59000000001,0.014175000000000002,0.0,-0.01,69366.19105859197,69366.1963919253
1773067931760,279436,cancel,BID,69320.59000000001,0.014175000000000002,0.0,-0.01,69338.46281952395,69338.46815285728
1773067933765,279747,new,BID,69316.94,0.014175000000000002,0.130729,-0.01,69362.82922727628,69362.83456060961
1773067934269,279829,cancel,BID,69316.94,0.014175000000000002,0.0,-0.01,69324.96574582547,69324.9710791588
1773067934865,280075,new,BID,69311.52,0.014175000000000002,0.26170595,-0.01,69350.15929826615,69350.16463159949
1773067935420,280098,cancel,BID,69311.52,0.014175000000000002,0.13526295000000002,-0.01,69328.08217216462,69328.08750549796
1773067937563,280617,new,BID,69311.52,0.014175000000000002,0.29962717,-0.01,69362.51166807408,69362.51700140741
1773067938163,280717,cancel,BID,69311.52,0.014175000000000002,0.00877195,-0.01,69332.90634159182,69332.91167492516
1773067943798,281874,new,BID,69285.95,0.014175000000000002,0.126544,-0.01,69328.59376468528,69328.59909801862
1773067944314,282072,cancel,BID,69285.95,0.014175000000000002,0.0,-0.01,69292.88801201608,69292.89334534941
1773067952210,283684,new,BID,69269.45000000001,0.014175000000000002,0.0,-0.01,69318.80965066628,69318.81498399962
1773067952711,283791,cancel,BID,69269.45000000001,0.014175000000000002,0.0,-0.01,69279.0503810281,69279.05571436143
1773067955408,284672,new,BID,69298.97,0.014175000000000002,0.16451441,-0.01,69345.99442435536,69345.9997576887
1773067956997,285110,cancel,BID,69298.97,0.014175000000000002,0.0,-0.01,69336.25128318425,69336.25661651758
1773067957499,285323,new,BID,69301.82,0.014175000000000002,0.0,-0.01,69346.77258506455,69346.77791839789
1773067957999,285464,replace,BID,69301.25,0.014175000000000002,0.0,-0.01,69349.50169661171,69349.50702994505
1773067958560,285527,replace,BID,69300.48,0.014175000000000002,0.06148941,-0.01,69341.25328563523,69341.25861896857
1773067959094,285664,cancel,BID,69300.48,0.014175000000000002,0.023600000000000003,-0.01,69297.44710190812,69297.45243524146
1773067961317,286032,new,BID,69303.88,0.014175000000000002,0.126616,-0.01,69349.48647931259,69349.49181264592
1773067962348,286100,cancel,BID,69303.88,0.014175000000000002,0.126616,-0.01,69321.76492424404,69321.77025757737
1773067965927,287342,new,BID,69301.29000000001,0.014175000000000002,0.0,-0.01,69352.47752630374,69352.48285963708
1773067966953,287501,cancel,BID,69301.29000000001,0.014175000000000002,0.0,-0.01,69330.11642115677,69330.1217544901
1773067969615,287961,new,BID,69303.0,0.014175000000000002,0.21303305,-0.01,69352.3043967309,69352.30973006424
1773067970135,288194,cancel,BID,69303.0,0.014175000000000002,0.02360000000000001,-0.01,69324.4000901043,69324.40542343764
1773067973726,289435,new,BID,69321.92,0.014175000000000002,0.125054,-0.01,69368.78493035224,69368.79026368557
1773067974226,289672,cancel,BID,69321.92,0.014175000000000002,0.0,-0.01,69327.85115252747,69327.8564858608
1773067977785,290244,new,BID,69330.93,0.014175000000000002,0.16329532,-0.01,69378.75832374457,69378.7636570779
1773067978411,290343,cancel,BID,69330.93,0.014175000000000002,0.16329532,-0.01,69354.71575642987,69354.7210897632
1773067978918,290381,new,BID,69330.93,0.014175000000000002,0.3148006,-0.01,69376.62129253155,69376.62662586488
1773067979419,290526,replace,BID,69336.42,0.014175000000000002,0.2129816,-0.01,69382.20998399268,69382.21531732602
1773067979926,290624,cancel,BID,69336.42,0.014175000000000002,0.2129816,-0.01,69354.47541291868,69354.48074625201
1773067980465,290665,new,BID,69336.42,0.014175000000000002,0.2129816,-0.01,69374.70228600722,69374.70761934055
1773067980986,290785,cancel,BID,69336.42,0.014175000000000002,0.0,-0.01,69346.30639085587,69346.3117241892
1773068000493,295677,new,BID,69251.01000000001,0.014175000000000002,0.0,-0.01,69297.05533129806,69297.0606646314
1773068001007,295833,cancel,BID,69251.01000000001,0.014175000000000002,0.0,-0.01,69212.17124213435,69212.17657546769
1773068013417,298927,new,BID,69240.6,0.014175000000000002,0.21753347,-0.01,69292.1544244883,69292.15975782163
1773068014933,299214,cancel,BID,69240.6,0.014175000000000002,0.004330000000000011,-0.01,69272.91296801773,69272.91830135106
1773068016990,299693,new,BID,69254.46,0.014175000000000002,0.31615993,-0.01,69303.69128761103,69303.69662094436
1773068017995,300021,cancel,BID,69254.46,0.014175000000000002,0.0,-0.01,69269.9863421158,69269.99167544913
1773068019025,300161,new,BID,69254.46,0.014175000000000002,0.150219,-0.01,69297.33168498955,69297.33701832288
1773068019527,300198,cancel,BID,69254.46,0.014175000000000002,0.150219,-0.01,69269.6346122063,69269.63994553963
1773068020559,300383,new,BID,69254.46,0.014175000000000002,0.33975493,-0.01,69300.31477955794,69300.32011289128
1773068022677,300847,cancel,BID,69254.46,0.014175000000000002,0.0,-0.01,69269.12357480875,69269.12890814208
1773068023261,300921,new,BID,69254.46,0.014175000000000002,0.150215,-0.01,69296.82536176922,69296.83069510256
1773068024898,301044,cancel,BID,69254.46,0.014175000000000002,0.150215,-0.01,69280.93929009546,69280.94462342879
1773068026401,301303,new,BID,69251.01000000001,0.014175000000000002,0.0,-0.01,69299.35852304008,69299.36385637341
1773068026912,301389,cancel,BID,69251.01000000001,0.014175000000000002,0.0,-0.01,69273.05399119227,69273.0593245256
1773068031365,302193,new,BID,69248.8,0.014175000000000002,0.21317588,-0.01,69296.78140261544,69296.78673594877
1773068032069,302226,cancel,BID,69248.8,0.014175000000000002,0.06151518,-0.01,69286.21364093771,69286.21897427105
1773068032597,302290,new,BID,69248.8,0.014175000000000002,0.46640893,-0.01,69301.28498021941,69301.29031355274
1773068033097,302393,cancel,BID,69248.8,0.014175000000000002,0.253257,-0.01,69277.78267346148,69277.78800679481
1773068034107,302611,new,BID,69254.46,0.014175000000000002,0.21313955,-0.01,69300.23026572063,69300.23559905397
1773068034703,302654,cancel,BID,69254.46,0.014175000000000002,0.21313955,-0.01,69274.0171926884,69274.02252602174
1773068035203,302788,new,BID,69254.46,0.014175000000000002,0.21313955,-0.01,69305.80340375297,69305.8087370863
1773068035708,303076,cancel,BID,69254.46,0.014175000000000002,0.02360000000000001,-0.01,69299.38847063904,69299.39380397237
1773068044855,304782,new,BID,69276.21,0.014175000000000002,0.16448611,-0.01,69323.59435034198,69323.59968367532
1773068046950,305047,cancel,BID,69276.21,0.014175000000000002,0.0,-0.01,69296.14157508977,69296.1469084231
1773068047576,305109,new,BID,69276.21,0.014175000000000002,0.16449211,-0.01,69323.85206222751,69323.85739556084
1773068048092,305158,cancel,BID,69276.21,0.014175000000000002,0.0,-0.01,69285.76929585358,69285.77462918691
1773068048592,305343,new,BID,69270.45000000001,0.014175000000000002,0.0,-0.01,69316.03393571194,69316.03926904527
1773068050129,305686,cancel,BID,69270.45000000001,0.014175000000000002,0.0,-0.01,69215.0457278968,69215.05106123013
1773068052656,306218,new,BID,69257.72,0.014175000000000002,0.126605,-0.01,69303.29475268004,69303.30008601338
1773068053726,306577,cancel,BID,69257.72,0.014175000000000002,0.0,-0.01,69282.99511419647,69283.0004475298
1773068055824,307053,new,BID,69258.73000000001,0.014175000000000002,0.0,-0.01,69305.50911418743,69305.51444752076
1773068056325,307163,cancel,BID,69258.73000000001,0.014175000000000002,0.0,-0.01,69284.64590716439,69284.65124049773
1773068057399,307326,new,BID,69258.73000000001,0.014175000000000002,0.0,-0.01,69304.30738919026,69304.3127225236
1773068057934,307342,cancel,BID,69258.73000000001,0.014175000000000002,0.0,-0.01,69276.60389412168,69276.60922745502
1773068063051,308933,new,BID,69269.85,0.014175000000000002,0.126635,-0.01,69315.43539079138,69315.44072412471
1773068065132,309052,cancel,BID,69269.85,0.014175000000000002,0.126635,-0.01,69287.72744772278,69287.73278105611
1773068067170,309580,new,BID,69268.04000000001,0.014175000000000002,0.0,-0.01,69314.82661684927,69314.8319501826
1773068068180,309770,cancel,BID,69268.04000000001,0.014175000000000002,0.0,-0.01,69309.64116938949,69309.64650272283
1773068069702,310240,new,BID,69294.66,0.014175000000000002,0.133573,-0.01,69340.31787637349,69340.32320970682
1773068070769,310316,cancel,BID,69294.66,0.014175000000000002,0.109973,-0.01,69312.03838450628,69312.04371783961
1773068078103,312166,new,BID,69293.01,0.014175000000000002,0.126623,-0.01,69352.05800772704,69352.06334106038
1773068080279,312481,cancel,BID,69293.01,0.014175000000000002,0.0,-0.01,69312.94741604665,69312.95274937998
1773068084470,313098,new,BID,69302.28,0.014175000000000002,0.126624,-0.01,69347.8859749563,69347.89130828963
1773068085491,313413,cancel,BID,69302.28,0.014175000000000002,0.0,-0.01,69336.95061547769,69336.95594881102
1773068086511,313772,new,BID,69331.41,0.014175000000000002,0.122304,-0.01,69374.66875300359,69374.67408633692
1773068087043,313803,cancel,BID,69331.41,0.014175000000000002,0.122304,-0.01,69366.97164236066,69366.976975694
1773068092702,315160,new,BID,69303.06,0.014175000000000002,0.130413,-0.01,69349.75390812356,69349.7592414569
1773068093206,315364,cancel,BID,69303.06,0.014175000000000002,0.0,-0.01,69331.51031270863,69331.51564604197
1773068096358,316271,new,BID,69321.74,0.014175000000000002,0.16372158,-0.01,69369.49117046471,69369.49650379804
1773068096938,316311,cancel,BID,69321.74,0.014175000000000002,0.16372158,-0.01,69341.7624713281,69341.76780466143
1773068101200,317053,new,BID,69304.52,0.014175000000000002,0.125934,-0.01,69346.72793133609,69346.73326466943
1773068101707,317074,cancel,BID,69304.52,0.014175000000000002,0.125934,-0.01,69314.77841436602,69314.78374769936
1773068117404,319910,new,BID,69338.08,0.014175000000000002,0.0406,-0.01,69385.55632361643,69385.56165694977
1773068117905,320085,cancel,BID,69338.08,0.014175000000000002,0.0,-0.01,69365.24092343978,69365.24625677311
1773068131408,322710,new,BID,69337.86,0.014175000000000002,0.126539,-0.01,69383.48355270071,69383.48888603404
1773068131983,322763,cancel,BID,69337.86,0.014175000000000002,0.126539,-0.01,69369.47686807945,69369.48220141279
1773068136701,324383,new,BID,69340.87,0.014175000000000002,0.12655,-0.01,69387.80730858794,69387.81264192128
1773068137205,324523,cancel,BID,69340.87,0.014175000000000002,0.0,-0.01,69346.66498887439,69346.67032220772
1773068144485,325671,new,BID,69341.6,0.014175000000000002,0.150153,-0.01,69388.6183557274,69388.62368906074
1773068144993,325796,cancel,BID,69341.6,0.014175000000000002,0.0,-0.01,69374.24566255075,69374.25099588408
1773068145506,325869,new,BID,69341.6,0.014175000000000002,0.126553,-0.01,69386.51332114007,69386.5186544734
1773068146006,326007,cancel,BID,69341.6,0.014175000000000002,0.126553,-0.01,69323.45128927325,69323.45662260658
1773068157606,328067,new,BID,69346.37000000001,0.014175000000000002,0.0,-0.01,69391.65019481679,69391.65552815012
1773068158159,328136,cancel,BID,69346.37000000001,0.014175000000000002,0.0,-0.01,69353.77431911268,69353.77965244601
1773068161337,328881,new,BID,69340.93000000001,0.014175000000000002,0.0,-0.01,69380.8349467819,69380.84028011524
1773068161858,328905,cancel,BID,69340.93000000001,0.014175000000000002,0.0,-0.01,69348.46313236152,69348.46846569485
1773068167411,331056,new,BID,69324.31,0.014175000000000002,0.06147819,-0.01,69362.50382518038,69362.50915851371
1773068167959,331329,cancel,BID,69324.31,0.014175000000000002,3.469446951953614e-18,-0.01,69316.62118976956,69316.6265231029
1773068183302,337277,new,BID,69248.55,0.014175000000000002,0.21317617,-0.01,69297.43618217972,69297.44151551306
1773068183808,337572,replace,BID,69251.91,0.014175000000000002,0.18957617,-0.01,69292.00866586262,69292.01399919596
1773068184308,337717,cancel,BID,69251.91,0.014175000000000002,0.0,-0.01,69216.96303357613,69216.96836690947
1773068248848,363018,new,BID,69175.12,0.014175000000000002,0.0406,-0.01,69230.78753332263,69230.79286665596
1773068249368,363348,replace,BID,69179.17,0.014175000000000002,0.0236,-0.01,69219.75870368781,69219.76403702114
1773068249868,363561,cancel,BID,69179.17,0.014175000000000002,0.0,-0.01,69199.63147205494,69199.63680538828
1773068250921,364182,new,BID,69180.3,0.014175000000000002,0.06155711,-0.01,69222.12544596188,69222.13077929521
1773068251441,364344,cancel,BID,69180.3,0.014175000000000002,0.0,-0.01,69191.36329387683,69191.36862721016
1773068273305,373166,new,BID,69140.46,0.014175000000000002,0.0,-0.01,69188.1132839131,69188.11861724644
1773068273814,373660,cancel,BID,69140.46,0.014175000000000002,0.0,-0.01,69158.15718278375,69158.16251611708
1773068282458,377948,new,BID,69134.6,0.014175000000000002,0.125877,-0.01,69180.2818031665,69180.28713649983
1773068283527,378216,cancel,BID,69134.6,0.014175000000000002,0.0,-0.01,69155.26174884215,69155.26708217549
1773068284033,378413,new,BID,69145.5,0.014175000000000002,0.0236,-0.01,69187.19077050782,69187.19610384115
1773068284533,378807,cancel,BID,69145.5,0.014175000000000002,0.0,-0.01,69137.2653921961,69137.27072552944
1773068297878,383256,new,BID,69154.3,0.014175000000000002,0.0406,-0.01,69201.63381375506,69201.6391470884
1773068298378,383413,cancel,BID,69154.3,0.014175000000000002,0.0,-0.01,69102.78848572417,69102.79381905751
1773068303616,384596,new,BID,69137.0,0.014175000000000002,0.0,-0.01,69179.37223485677,69179.3775681901
1773068304174,384721,cancel,BID,69137.0,0.014175000000000002,0.0,-0.01,69151.80020949912,69151.80554283246
1773068306817,385220,new,BID,69137.0,0.014175000000000002,0.0236,-0.01,69179.45501246504,69179.46034579838
1773068307402,385240,cancel,BID,69137.0,0.014175000000000002,0.006599999999999998,-0.01,69152.92838469998,69152.93371803331
1773068307902,385324,new,BID,69137.0,0.014175000000000002,0.0406,-0.01,69184.32197444058,69184.32730777391
1773068308408,385600,cancel,BID,69137.0,0.014175000000000002,0.0,-0.01,69167.17500508224,69167.18033841558
1773068313556,386646,new,BID,69157.76000000001,0.014175000000000002,0.0,-0.01,69205.09618161796,69205.1015149513
1773068314186,386657,cancel,BID,69157.76000000001,0.014175000000000002,0.0,-0.01,69172.56465138098,69172.56998471431
1773068335392,394006,new,BID,69136.12000000001,0.014175000000000002,0.0,-0.01,69181.40529747366,69181.41063080699
1773068335895,394131,cancel,BID,69136.12000000001,0.014175000000000002,0.0,-0.01,69156.69260232475,69156.69793565809
1773068362513,401927,new,BID,69091.55,0.014175000000000002,0.126678,-0.01,69138.08179049077,69138.08712382411
1773068363023,402158,replace,BID,69089.77,0.014175000000000002,0.126686,-0.01,69135.54874847345,69135.55408180678
1773068363525,402243,cancel,BID,69089.77,0.014175000000000002,0.126686,-0.01,69109.0286261054,69109.03395943873
1773068368608,404367,new,BID,69114.0,0.014175000000000002,0.826723,-0.01,69165.55677357645,69165.56210690978
1773068369115,404831,cancel,BID,69114.0,0.014175000000000002,2.7755575615628914e-17,-0.01,69135.88787087401,69135.89320420734
1773068384340,409215,new,BID,69130.08,0.014175000000000002,0.03491,-0.01,69175.86451917228,69175.86985250561
1773068384861,409264,cancel,BID,69130.08,0.014175000000000002,0.0,-0.01,69144.75259721657,69144.75793054991
1773068385364,409324,new,BID,69120.36,0.014175000000000002,0.0606,-0.01,69160.8589954506,69160.86432878394
1773068385875,409492,cancel,BID,69120.36,0.014175000000000002,0.0236,-0.01,69159.7418860486,69159.74721938194
1773068391517,410539,new,BID,69124.42,0.014175000000000002,0.0,-0.01,69165.09479509096,69165.1001284243
1773068392064,410580,replace,BID,69131.02,0.014175000000000002,0.0,-0.01,69171.16187849894,69171.16721183227
1773068392576,410636,replace,BID,69129.23,0.014175000000000002,0.0,-0.01,69173.5478465852,69173.55317991854
1773068393076,411049,replace,BID,69145.58,0.014175000000000002,0.0,-0.01,69196.12156615488,69196.12689948821
1773068393598,411111,replace,BID,69150.61,0.014175000000000002,0.126734,-0.01,69189.50012060441,69189.50545393775
1773068394099,411246,replace,BID,69150.84000000001,0.014175000000000002,0.0,-0.01,69203.38762972457,69203.39296305791
1773068394615,411332,cancel,BID,69150.84000000001,0.014175000000000002,0.0,-0.01,69185.80380124738,69185.80913458072
1773068395119,411498,new,BID,69135.64,0.014175000000000002,0.07856859,-0.01,69179.11627754173,69179.12161087507
1773068395679,411649,replace,BID,69139.5,0.014175000000000002,0.0,-0.01,69186.31163493481,69186.31696826815
1773068396253,411699,replace,BID,69137.72,0.014175000000000002,0.126737,-0.01,69181.3836880792,69181.38902141253
1773068396780,411728,replace,BID,69139.37,0.014175000000000002,0.0,-0.01,69186.14273768206,69186.1480710154
1773068397293,411766,cancel,BID,69139.37,0.014175000000000002,0.0,-0.01,69175.98917040067,69175.99450373401
1773068401825,413589,new,BID,69167.98,0.014175000000000002,0.0406,-0.01,69214.19571530019,69214.20104863352
1773068402325,413812,cancel,BID,69167.98,0.014175000000000002,0.0,-0.01,69168.07563019013,69168.08096352346
1773068404360,414655,new,BID,69167.98,0.014175000000000002,0.0406,-0.01,69206.5275560883,69206.53288942164
1773068404860,415399,cancel,BID,69167.98,0.014175000000000002,0.0,-0.01,69202.88557138448,69202.89090471782
1773068461717,439963,new,BID,69193.38,0.014175000000000002,0.0406,-0.01,69231.69336649332,69231.69869982665
1773068463269,440302,cancel,BID,69193.38,0.014175000000000002,0.0,-0.01,69167.56850229613,69167.57383562946
1773068465792,441523,new,BID,69170.55,0.014175000000000002,0.126753,-0.01,69209.47980563484,69209.48513896817
1773068466292,441644,cancel,BID,69170.55,0.014175000000000002,0.126753,-0.01,69178.15904264594,69178.16437597928
1773068470898,444082,new,BID,69193.38,0.014175000000000002,0.0406,-0.01,69231.69336649332,69231.69869982665
1773068471398,444265,cancel,BID,69193.38,0.014175000000000002,0.0,-0.01,69164.08574620156,69164.09107953489
1773068476266,445835,new,BID,69193.38,0.014175000000000002,0.0406,-0.01,69231.69336649332,69231.69869982665
1773068477798,445949,cancel,BID,69193.38,0.014175000000000002,0.0,-0.01,69223.19093852874,69223.19627186208
1773068485518,448572,new,BID,69229.02,0.014175000000000002,0.0,-0.01,69277.04564861272,69277.05098194606
1773068486018,448735,cancel,BID,69229.02,0.014175000000000002,0.0,-0.01,69255.31049229823,69255.31582563157
1773068515695,459801,new,BID,69230.48,0.014175000000000002,0.0406,-0.01,69277.86594780003,69277.87128113337
1773068516197,459868,cancel,BID,69230.48,0.014175000000000002,0.0406,-0.01,69252.01355117677,69252.01888451011
1773068516721,459894,new,BID,69230.48,0.014175000000000002,0.0406,-0.01,69277.86594780003,69277.87128113337
1773068517227,460234,cancel,BID,69230.48,0.014175000000000002,0.0,-0.01,69263.31705025972,69263.32238359305
1773068551747,468603,new,BID,69230.42,0.014175000000000002,0.0,-0.01,69272.62845962688,69272.63379296022
1773068552248,468725,cancel,BID,69230.42,0.014175000000000002,0.0,-0.01,69245.461323,69245.46665633333
1773068556320,470021,new,BID,69250.99,0.014175000000000002,0.23020304,-0.01,69291.36013704274,69291.36547037607
1773068557368,470106,cancel,BID,69250.99,0.014175000000000002,0.23020304,-0.01,69286.41491008799,69286.42024342132
1773068562571,471076,new,BID,69250.99,0.014175000000000002,0.22673117,-0.01,69297.29853693687,69297.3038702702
1773068563114,471109,cancel,BID,69250.99,0.014175000000000002,0.22673117,-0.01,69284.23302186064,69284.23835519397
1773068585586,476302,new,BID,69156.17,0.014175000000000002,0.126707,-0.01,69203.59689080133,69203.60222413467
1773068586098,476464,cancel,BID,69156.17,0.014175000000000002,0.0,-0.01,69122.582718,69122.58805133334
1773068599790,479601,new,BID,69122.26,0.014175000000000002,0.0901,-0.01,69175.96472970313,69175.97006303647
1773068600852,479724,cancel,BID,69122.26,0.014175000000000002,0.0731,-0.01,69138.47030370764,69138.47563704097
1773068605425,481212,new,BID,69119.67,0.014175000000000002,0.0406,-0.01,69167.4041278837,69167.40946121703
1773068605925,481332,cancel,BID,69119.67,0.014175000000000002,0.0,-0.01,69137.40299957297,69137.4083329063
1773068616746,484153,new,BID,69105.83,0.014175000000000002,0.0,-0.01,69148.05666754622,69148.06200087955
1773068617253,484333,cancel,BID,69105.83,0.014175000000000002,0.0,-0.01,69129.8581376964,69129.86347102973
1773068630042,489640,new,BID,69250.99,0.014175000000000002,0.23034068,-0.01,69311.48970801299,69311.49504134632
1773068630543,490162,replace,BID,69246.09,0.014175000000000002,0.0236,-0.01,69295.35023634123,69295.35556967456
1773068631048,490365,cancel,BID,69246.09,0.014175000000000002,0.0,-0.01,69252.91526254681,69252.92059588015
1773068643670,429,new,BID,69228.91,0.014175000000000002,0.0,-0.01,69269.10253906583,69269.10787239917
1773068644175,669,cancel,BID,69228.91,0.014175000000000002,0.0,-0.01,69198.50587414378,69198.51120747712
1773068648428,2260,new,BID,69203.82,0.014175000000000002,0.314587,-0.01,69254.28455777142,69254.28989110475
1773068648961,2380,cancel,BID,69203.82,0.014175000000000002,0.314587,-0.01,69173.32213137473,69173.32746470807
1773068671179,10163,new,BID,69195.78,0.014175000000000002,0.0406,-0.01,69236.48886086815,69236.49419420148
1773068671684,10305,cancel,BID,69195.78,0.014175000000000002,0.0,-0.01,69177.17872612347,69177.1840594568
1773068687158,14738,new,BID,69169.0,0.014175000000000002,0.35,-0.01,69213.54768250675,69213.55301584008
1773068687663,14880,cancel,BID,69169.0,0.014175000000000002,0.0,-0.01,69168.14085018441,69168.14618351775
1773068702570,19126,new,BID,69147.34,0.014175000000000002,0.0236,-0.01,69189.76750685852,69189.77284019186
1773068703075,19202,replace,BID,69145.62,0.014175000000000002,0.0236,-0.01,69189.34016156867,69189.34549490201
1773068703576,19285,replace,BID,69147.34,0.014175000000000002,0.0236,-0.01,69189.76718508583,69189.77251841917
1773068704077,19349,cancel,BID,69147.34,0.014175000000000002,0.0,-0.01,69156.56147503176,69156.5668083651
1773068705086,19592,new,BID,69147.34000000001,0.014175000000000002,0.0,-0.01,69194.66905065514,69194.67438398847
1773068705586,19933,cancel,BID,69147.34000000001,0.014175000000000002,0.0,-0.01,69169.26938142274,69169.27471475607
1773068710208,21359,new,BID,69166.40000000001,0.014175000000000002,0.0,-0.01,69220.24131926821,69220.24665260155
1773068710719,21403,replace,BID,69168.49,0.014175000000000002,0.0,-0.01,69220.64679493179,69220.65212826512
1773068711231,21560,replace,BID,69175.12000000001,0.014175000000000002,0.0,-0.01,69230.35302139286,69230.3583547262
1773068712267,21812,replace,BID,69189.12,0.014175000000000002,0.126833,-0.01,69242.50799099873,69242.51332433206
1773068713305,22152,cancel,BID,69189.12,0.014175000000000002,0.126833,-0.01,69234.0184317306,69234.02376506393
1773068714378,22508,new,BID,69201.7,0.014175000000000002,0.35,-0.01,69264.87162185939,69264.87695519273
1773068714903,22558,cancel,BID,69201.7,0.014175000000000002,0.0,-0.01,69207.98907000975,69207.99440334308
1773068717003,23108,new,BID,69210.24,0.014175000000000002,0.07853473,-0.01,69251.87271224648,69251.87804557981
1773068717514,23410,cancel,BID,69210.24,0.014175000000000002,0.0,-0.01,69220.72270606172,69220.72803939505
1773068720724,24144,new,BID,69224.07,0.014175000000000002,0.126797,-0.01,69274.56096239926,69274.5662957326
1773068721236,24219,cancel,BID,69224.07,0.014175000000000002,0.126797,-0.01,69255.96862266854,69255.97395600188
1773068721756,24281,new,BID,69225.56,0.014175000000000002,0.07852279,-0.01,69268.29181080445,69268.29714413779
1773068722265,24396,cancel,BID,69225.56,0.014175000000000002,0.0406,-0.01,69268.9254390485,69268.93077238183
1773068724822,24945,new,BID,69235.11,0.014175000000000002,0.0,-0.01,69280.39975283355,69280.40508616688
1773068725373,25090,cancel,BID,69235.11,0.014175000000000002,0.0,-0.01,69247.38665540538,69247.39198873872
1773068740891,28345,new,BID,69215.25,0.014175000000000002,0.0785304,-0.01,69259.1761409655,69259.18147429884
1773068741403,28401,cancel,BID,69215.25,0.014175000000000002,0.0406,-0.01,69245.36067376725,69245.36600710059
1773068745487,29379,new,BID,69214.31,0.014175000000000002,0.0,-0.01,69262.01536020689,69262.02069354022
1773068745995,29457,replace,BID,69208.91,0.014175000000000002,0.0,-0.01,69252.1687956112,69252.17412894453
1773068746560,29625,cancel,BID,69208.91,0.014175000000000002,0.0,-0.01,69229.72801573892,69229.73334907225
1773068748085,29980,new,BID,69213.11,0.014175000000000002,0.0,-0.01,69263.20036794379,69263.20570127713
1773068748586,30311,replace,BID,69223.52,0.014175000000000002,0.0,-0.01,69269.82837078239,69269.83370411572
1773068749106,30485,cancel,BID,69223.52,0.014175000000000002,0.0,-0.01,69261.62289508407,69261.62822841741
1773068749642,30554,new,BID,69231.61,0.014175000000000002,0.0,-0.01,69278.32430686546,69278.32964019879
1773068750200,30690,cancel,BID,69231.61,0.014175000000000002,0.0,-0.01,69229.34845000293,69229.35378333626
1773068750716,30837,new,BID,69235.11,0.014175000000000002,0.0,-0.01,69280.7590895246,69280.76442285793
1773068751240,31183,cancel,BID,69235.11,0.014175000000000002,0.0,-0.01,69270.4665997197,69270.47193305304
1773068763097,35759,new,BID,69234.21,0.014175000000000002,0.07852736,-0.01,69278.03524962314,69278.04058295647
1773068763606,35960,cancel,BID,69234.21,0.014175000000000002,3.469446951953614e-18,-0.01,69191.55059609225,69191.55592942558
1773068816297,56743,new,BID,69237.40000000001,0.014175000000000002,0.0,-0.01,69284.79068352585,69284.79601685918
1773068816806,56931,cancel,BID,69237.40000000001,0.014175000000000002,0.0,-0.01,69190.3805957515,69190.38592908483
1773068826055,59578,new,BID,69237.4,0.014175000000000002,0.0406,-0.01,69284.79068352585,69284.79601685918
1773068826574,59620,cancel,BID,69237.4,0.014175000000000002,0.0406,-0.01,69257.09572039568,69257.10105372901
1773068854093,65457,new,BID,69226.17,0.014175000000000002,0.23028668,-0.01,69269.99124100206,69269.9965743354
1773068854593,65621,replace,BID,69242.86,0.014175000000000002,0.0406,-0.01,69283.57912245714,69283.58445579048
1773068855125,65718,cancel,BID,69242.86,0.014175000000000002,0.0,-0.01,69274.83772668209,69274.84306001542
1773068859229,66503,new,BID,69242.86,0.014175000000000002,0.0406,-0.01,69281.68993287918,69281.69526621251
1773068859749,66607,cancel,BID,69242.86,0.014175000000000002,0.0406,-0.01,69280.25429771711,69280.25963105045
1773068860273,66722,new,BID,69242.86,0.014175000000000002,0.07851787,-0.01,69287.86252546978,69287.86785880312
1773068860773,66946,cancel,BID,69242.86,0.014175000000000002,3.469446951953614e-18,-0.01,69258.4596089733,69258.46494230663
1773068920559,85717,new,BID,69171.53,0.014175000000000002,0.0236,-0.01,69213.73809925374,69213.74343258707
1773068921072,85947,cancel,BID,69171.53,0.014175000000000002,0.0,-0.01,69199.503397038,69199.50873037134
1773068925646,87417,new,BID,69160.06,0.014175000000000002,0.0236,-0.01,69211.66980539128,69211.67513872462
1773068926194,87561,cancel,BID,69160.06,0.014175000000000002,0.0,-0.01,69132.83944481278,69132.84477814611
1773068929229,88284,new,BID,69163.26,0.014175000000000002,0.0236,-0.01,69209.29983738583,69209.30517071916
1773068929734,88373,cancel,BID,69163.26,0.014175000000000002,0.0,-0.01,69175.3923794541,69175.39771278744
1773068934464,89139,new,BID,69161.5,0.014175000000000002,0.35,-0.01,69216.41180665336,69216.41713998669
1773068934966,89446,cancel,BID,69161.5,0.014175000000000002,0.0,-0.01,69145.608112,69145.61344533334
1773068947199,92506,new,BID,69158.12,0.014175000000000002,0.03796339,-0.01,69212.70745619781,69212.71278953114
1773068947702,92875,cancel,BID,69158.12,0.014175000000000002,0.0,-0.01,69196.99943010185,69197.00476343518
1773068948713,93202,new,BID,69162.41,0.014175000000000002,0.07856078,-0.01,69204.32455638784,69204.32988972118
1773068949243,93321,cancel,BID,69162.41,0.014175000000000002,0.0406,-0.01,69183.4365417518,69183.44187508513
1773068949778,93423,new,BID,69171.25,0.014175000000000002,0.0,-0.01,69223.19057803407,69223.19591136741
1773068950293,93538,cancel,BID,69171.25,0.014175000000000002,0.0,-0.01,69186.064446,69186.06977933334
1773068996643,107660,new,BID,69000.0,0.014175000000000002,2.42289753,-0.01,69039.72818049119,69039.73351382453
1773068997674,107989,cancel,BID,69000.0,0.014175000000000002,2.42289753,-0.01,69024.9741957262,69024.97952905954
1773069024774,119327,new,BID,69035.56,0.014175000000000002,0.150471,-0.01,69084.02287640299,69084.02820973632
1773069025797,119527,cancel,BID,69035.56,0.014175000000000002,0.150471,-0.01,69057.73230087293,69057.73763420626
1773069026298,119678,new,BID,69031.6,0.014175000000000002,0.126872,-0.01,69080.08523944565,69080.09057277898
1773069026801,119787,cancel,BID,69031.6,0.014175000000000002,0.126872,-0.01,69054.3517209781,69054.35705431143
1773069027301,119900,new,BID,69037.25,0.014175000000000002,0.126872,-0.01,69085.83109343165,69085.83642676499
1773069028818,120444,cancel,BID,69037.25,0.014175000000000002,0.126872,-0.01,69046.96670713279,69046.97204046612
1773069031906,120907,new,BID,69039.15,0.014175000000000002,0.126869,-0.01,69080.53785659264,69080.54318992597
1773069160937,165068,new,ASK,69160.12,0.013781812500000002,0.06156673,0.004175000000000002,69117.99263909706,69117.9904124304
1773069161467,165244,cancel,ASK,69160.12,0.013781812500000002,3.469446951953614e-18,0.004175000000000002,69134.6677692681,69134.66554260143
1773069247941,184332,new,ASK,69101.62,0.013781812500000002,0.0236,0.004175000000000002,69058.32755095353,69058.32532428687
1773069248455,184398,cancel,ASK,69101.62,0.013781812500000002,0.0,0.004175000000000002,69109.33765709479,69109.33543042812
1773069278602,190891,new,ASK,69116.01,0.013781812500000002,0.21352307,0.004175000000000002,69066.9512489579,69066.94902229124
1773069279250,190987,cancel,ASK,69116.01,0.013781812500000002,0.02360000000000001,0.004175000000000002,69090.5670944528,69090.56486778613
1773069279766,191012,new,ASK,69116.01,0.013781812500000002,0.0236,0.004175000000000002,69077.2179437789,69077.21571711224
1773069280798,191124,cancel,ASK,69116.01,0.013781812500000002,0.0,0.004175000000000002,69095.56632080865,69095.56409414198
1773069281330,191166,new,ASK,69116.01,0.013781812500000002,0.06159099,0.004175000000000002,69067.91991996524,69067.91769329857
1773069281839,191178,cancel,ASK,69116.01,0.013781812500000002,0.06159099,0.004175000000000002,69085.21694628346,69085.2147196168
1773069285518,191748,new,ASK,69116.01,0.013781812500000002,0.06159099,0.004175000000000002,69070.18105279293,69070.17882612627
1773069286037,191792,cancel,ASK,69116.01,0.013781812500000002,0.06144975,0.004175000000000002,69095.57756681977,69095.57534015311
1773069345315,207186,new,ASK,69209.66,0.013781812500000002,0.15175322,0.004175000000000002,69170.67091209439,69170.66868542772
1773069345827,207362,cancel,ASK,69209.66,0.013781812500000002,0.0,0.004175000000000002,69205.03439216569,69205.03216549903
1773069368911,214514,new,ASK,69234.27,0.013781812500000002,0.06152328,0.004175000000000002,69193.08607861867,69193.083851952
1773069369411,214737,cancel,ASK,69234.27,0.013781812500000002,3.469446951953614e-18,0.004175000000000002,69228.27027557256,69228.2680489059
1773069427726,225600,new,ASK,69191.3,0.013781812500000002,0.15181198,0.004175000000000002,69148.62018574844,69148.61795908178
1773069428251,225723,cancel,ASK,69191.3,0.013781812500000002,0.0,0.004175000000000002,69172.772572531,69172.77034586434
1773069439909,228085,new,ASK,69178.61,0.013781812500000002,0.9224,0.004175000000000002,69139.05104601294,69139.04881934628
1773069442059,228350,cancel,ASK,69178.61,0.013781812500000002,0.921695,0.004175000000000002,69145.87972974557,69145.87750307891
1773069444685,228748,new,ASK,69178.61,0.013781812500000002,0.9220475,0.004175000000000002,69139.85521512928,69139.85298846262
1773069445788,229007,cancel,ASK,69178.61,0.013781812500000002,0.9220475,0.004175000000000002,69154.73194140055,69154.72971473388
1773069506349,241641,new,ASK,69116.01,0.013781812500000002,0.0785892,0.004175000000000002,69060.67186550691,69060.66963884025
1773069507917,241928,cancel,ASK,69116.01,0.013781812500000002,0.0,0.004175000000000002,69088.3182693223,69088.31604265564
1773069530231,246492,new,ASK,69128.7,0.013781812500000002,0.07858275,0.004175000000000002,69087.0260659463,69087.02383927963
1773069530789,246529,cancel,ASK,69128.7,0.013781812500000002,0.023600000000000003,0.004175000000000002,69098.88987782165,69098.88765115499
1773069533317,246953,new,ASK,69133.21,0.013781812500000002,0.07858275,0.004175000000000002,69090.34119448312,69090.33896781645
1773069533827,247041,cancel,ASK,69133.21,0.013781812500000002,3.469446951953614e-18,0.004175000000000002,69100.98735866445,69100.98513199779
1773069541059,248535,new,ASK,69133.11,0.013781812500000002,0.07857627,0.004175000000000002,69090.95224351187,69090.9500168452
1773069541602,248795,cancel,ASK,69133.11,0.013781812500000002,3.469446951953614e-18,0.004175000000000002,69153.30497314272,69153.30274647605
1773069543166,249317,new,ASK,69096.01,0.013781812500000002,0.07859996,0.004175000000000002,69039.64371976655,69039.64149309989
1773069544228,249556,cancel,ASK,69096.01,0.013781812500000002,0.0,0.004175000000000002,69094.3561067155,69094.35388004883
1773069557614,253689,new,ASK,69018.75,0.013781812500000002,0.07863608,0.004175000000000002,68975.84920781857,68975.8469811519
1773069558140,254093,cancel,ASK,69018.75,0.013781812500000002,0.0,0.004175000000000002,68978.70341343519,68978.70118676852
1773069590857,263706,new,ASK,69002.01999999999,0.013781812500000002,0.0,0.004175000000000002,68960.35846696777,68960.3562403011
1773069591377,263863,cancel,ASK,69002.01999999999,0.013781812500000002,0.0,0.004175000000000002,69033.14789105023,69033.14566438357
1773069602420,266432,new,ASK,69004.83,0.013781812500000002,0.07864106,0.004175000000000002,68949.6281719372,68949.62594527054
1773069605496,266696,cancel,ASK,69004.83,0.013781812500000002,0.0,0.004175000000000002,68970.71061757195,68970.70839090529
1773069605996,266753,new,ASK,69004.83,0.013781812500000002,0.2308053,0.004175000000000002,68957.40275184918,68957.40052518251
1773069607032,267068,cancel,ASK,69004.83,0.013781812500000002,0.0,0.004175000000000002,69062.82524819407,69062.82302152741
1773069610100,267955,new,ASK,69007.22,0.013781812500000002,0.99164564,0.004175000000000002,68963.74240400526,68963.7401773386
1773069611100,268151,cancel,ASK,69007.22,0.013781812500000002,0.23080913000000003,0.004175000000000002,68979.6122033024,68979.60997663574
1773069611607,268217,new,ASK,69007.22,0.013781812500000002,0.23080913,0.004175000000000002,68955.91886368676,68955.9166370201
1773069613457,268350,cancel,ASK,69007.22,0.013781812500000002,0.23080913,0.004175000000000002,68979.6122033024,68979.60997663574
1773069613991,268406,new,ASK,69007.22,0.013781812500000002,0.23080913,0.004175000000000002,68952.00931870227,68952.00709203561
1773069614495,268518,cancel,ASK,69007.22,0.013781812500000002,0.23080913,0.004175000000000002,68979.6122033024,68979.60997663574
1773069649496,277630,new,ASK,69048.1,0.013781812500000002,0.19014671,0.004175000000000002,69004.70881824607,69004.70659157941
1773069650045,277756,cancel,ASK,69048.1,0.013781812500000002,0.0,0.004175000000000002,69036.33386644922,69036.33163978255
1773069658061,278889,new,ASK,69034.46,0.013781812500000002,0.19016663,0.004175000000000002,68988.37045879803,68988.36823213137
1773069658578,278942,cancel,ASK,69034.46,0.013781812500000002,0.038033330000000004,0.004175000000000002,69022.00023513395,69021.99800846729
1773069661679,279569,new,ASK,69019.25,0.013781812500000002,0.15214075,0.004175000000000002,68971.41282731609,68971.41060064943
1773069662188,279719,replace,ASK,69026.09,0.013781812500000002,0.0236,0.004175000000000002,68970.32927516059,68970.32704849393
1773069662688,279767,cancel,ASK,69026.09,0.013781812500000002,0.0236,0.004175000000000002,68971.07204056527,68971.0698138986
1773069672514,281966,new,ASK,69007.22,0.013781812500000002,0.19024324,0.004175000000000002,68961.15104145808,68961.14881479142
1773069673027,282087,cancel,ASK,69007.22,0.013781812500000002,0.03804865000000002,0.004175000000000002,68994.76474605646,68994.7625193898
1773069675079,282510,new,ASK,69007.22,0.013781812500000002,0.97342564,0.004175000000000002,68956.92345128988,68956.92122462322
1773069676605,282812,cancel,ASK,69007.22,0.013781812500000002,0.0,0.004175000000000002,69015.76515737514,69015.76293070847
1773069681179,283687,new,ASK,69016.33,0.013781812500000002,0.19024097,0.004175000000000002,68968.81704672244,68968.81482005578
1773069681801,283782,cancel,ASK,69016.33,0.013781812500000002,0.0,0.004175000000000002,68987.37284532038,68987.37061865372
1773069682861,283989,new,ASK,69011.42,0.013781812500000002,0.19024097,0.004175000000000002,68970.8336479726,68970.83142130593
1773069683418,284065,cancel,ASK,69011.42,0.013781812500000002,0.0,0.004175000000000002,69023.99680517781,69023.99457851115
1773069688563,285436,new,ASK,69035.38,0.013781812500000002,0.19016782,0.004175000000000002,68986.94175141201,68986.93952474535
1773069689072,285498,cancel,ASK,69035.38,0.013781812500000002,0.1389867,0.004175000000000002,68997.93883065734,68997.93660399067
1773069700479,287670,new,ASK,69027.8,0.013781812500000002,0.19020211,0.004175000000000002,68979.45685871372,68979.45463204705
1773069701516,287715,cancel,ASK,69027.8,0.013781812500000002,0.19020211,0.004175000000000002,69006.61257584543,69006.61034917877
1773069703610,287841,new,ASK,69027.39,0.013781812500000002,0.15216169,0.004175000000000002,68980.57299623938,68980.57076957272
1773069704130,287964,cancel,ASK,69027.39,0.013781812500000002,0.0,0.004175000000000002,68995.46030806891,68995.45808140225
1773069734418,297355,new,ASK,69080.85,0.013781812500000002,0.0636,0.004175000000000002,69036.89945868008,69036.89723201342
1773069734918,297456,cancel,ASK,69080.85,0.013781812500000002,0.0236,0.004175000000000002,69064.78008887143,69064.77786220476
1773069736574,297936,new,ASK,69052.12,0.013781812500000002,0.19011991,0.004175000000000002,69009.92918515354,69009.92695848687
1773069737083,298071,cancel,ASK,69052.12,0.013781812500000002,1.3877787807814457e-17,0.004175000000000002,69024.17213674782,69024.16991008115
1773069750013,301216,new,ASK,69090.38,0.013781812500000002,0.0236,0.004175000000000002,69032.84152302188,69032.83929635522
1773069751140,301393,cancel,ASK,69090.38,0.013781812500000002,0.0236,0.004175000000000002,69047.34249552837,69047.3402688617
1773069751648,301457,new,ASK,69078.36,0.013781812500000002,0.21363086,0.004175000000000002,69036.67394223869,69036.67171557203
1773069753276,301570,cancel,ASK,69078.36,0.013781812500000002,0.21363086,0.004175000000000002,69050.72403979156,69050.7218131249
1773069754299,301652,new,ASK,69078.36,0.013781812500000002,0.21363086,0.004175000000000002,69031.08007041684,69031.07784375017
1773069754803,301843,cancel,ASK,69078.36,0.013781812500000002,0.038006170000000006,0.004175000000000002,69050.73361382585,69050.73138715919
1773069755318,301905,new,ASK,69078.36,0.013781812500000002,0.2136658,0.004175000000000002,69031.23657306399,69031.23434639732
1773069755852,301945,cancel,ASK,69078.36,0.013781812500000002,0.19006579999999998,0.004175000000000002,69057.52996694356,69057.5277402769
1773069757416,302197,new,ASK,69078.36,0.013781812500000002,0.18999514,0.004175000000000002,69027.58824879714,69027.58602213048
1773069758499,302419,cancel,ASK,69078.36,0.013781812500000002,0.0,0.004175000000000002,69032.31915540963,69032.31692874296
1773069759571,302639,new,ASK,69054.46,0.013781812500000002,0.19011896,0.004175000000000002,69008.66045954038,69008.65823287371
1773069760079,302783,cancel,ASK,69054.46,0.013781812500000002,0.0,0.004175000000000002,69072.58999245054,69072.58776578387
1773069784899,308423,new,ASK,69076.99,0.013781812500000002,0.19003389,0.004175000000000002,69036.4411191077,69036.43889244103
1773069785408,308489,cancel,ASK,69076.99,0.013781812500000002,0.03800678000000002,0.004175000000000002,69066.47819157748,69066.47596491082
1773069802324,313337,new,ASK,69115.63,0.013781812500000002,0.18996936,0.004175000000000002,69077.12521864733,69077.12299198066
1773069802861,313566,cancel,ASK,69115.63,0.013781812500000002,1.3877787807814457e-17,0.004175000000000002,69107.2795606486,69107.27733398194
1773069810575,315299,new,ASK,69105.76,0.013781812500000002,0.21315431,0.004175000000000002,69061.41857468027,69061.4163480136
1773069811090,315349,cancel,ASK,69105.76,0.013781812500000002,0.02360000000000001,0.004175000000000002,69086.31959900669,69086.31737234003
1773069813221,315730,new,ASK,69090.27,0.013781812500000002,0.2135997,0.004175000000000002,69050.30915990223,69050.30693323557
1773069813732,315879,cancel,ASK,69090.27,0.013781812500000002,0.0,0.004175000000000002,69081.13268733693,69081.13046067026
1773069823696,318258,new,ASK,69137.45,0.013781812500000002,0.18993244,0.004175000000000002,69089.71004252537,69089.70781585871
1773069824196,318535,cancel,ASK,69137.45,0.013781812500000002,1.3877787807814457e-17,0.004175000000000002,69112.20534811054,69112.20312144388
1773069827260,319161,new,ASK,69129.8,0.013781812500000002,0.18988443,0.004175000000000002,69090.0017740668,69089.99954740013
1773069827854,319442,cancel,ASK,69129.8,0.013781812500000002,0.0,0.004175000000000002,69115.29388814054,69115.29166147388
1773069835054,320720,new,ASK,69141.43999999999,0.013781812500000002,0.0,0.004175000000000002,69100.0345735562,69100.03234688954
1773069836075,321004,cancel,ASK,69141.43999999999,0.013781812500000002,0.0,0.004175000000000002,69143.41434278636,69143.4121161197
1773069841764,322337,new,ASK,69140.08,0.013781812500000002,0.18990653,0.004175000000000002,69093.93111504175,69093.92888837509
1773069842268,322404,cancel,ASK,69140.08,0.013781812500000002,0.0,0.004175000000000002,69111.8710496179,69111.86882295123
1773069896802,332152,new,ASK,69111.09,0.013781812500000002,0.15196704,0.004175000000000002,69068.94356141114,69068.94133474448
1773069897307,332219,cancel,ASK,69111.09,0.013781812500000002,0.0,0.004175000000000002,69087.9634712014,69087.96124453473
1773069899856,332717,new,ASK,69106.61,0.013781812500000002,0.18996279,0.004175000000000002,69062.49965271605,69062.49742604939
1773069900394,332822,cancel,ASK,69106.61,0.013781812500000002,0.0,0.004175000000000002,69122.47222100028,69122.46999433362
1773069905257,334019,new,ASK,69112.44,0.013781812500000002,0.15196569,0.004175000000000002,69068.89846752612,69068.89624085945
1773069905772,334130,cancel,ASK,69112.44,0.013781812500000002,0.0,0.004175000000000002,69091.2811880701,69091.27896140344
1773069974610,347547,new,ASK,69144.17,0.013781812500000002,0.15189774,0.004175000000000002,69095.74450568733,69095.74227902066
1773069975113,347609,replace,ASK,69149.23,0.013781812500000002,0.18987218,0.004175000000000002,69103.07648473623,69103.07425806957
1773069975722,347857,cancel,ASK,69149.23,0.013781812500000002,0.0,0.004175000000000002,69152.36465732659,69152.36243065992
1773069992275,351352,new,ASK,69136.97,0.013781812500000002,0.1899033,0.004175000000000002,69090.82332927223,69090.82110260557
1773069992794,351454,cancel,ASK,69136.97,0.013781812500000002,0.15192264,0.004175000000000002,69169.76394702493,69169.76172035826
1773070031529,357909,new,ASK,69115.27,0.013781812500000002,0.18991932,0.004175000000000002,69069.1412037007,69069.13897703403
1773070032029,357961,cancel,ASK,69115.27,0.013781812500000002,0.03798386000000001,0.004175000000000002,69110.48082688954,69110.47860022288
1773070033567,358537,new,ASK,69109.75,0.013781812500000002,0.18993193,0.004175000000000002,69063.62026549233,69063.61803882566
1773070034670,358693,cancel,ASK,69109.75,0.013781812500000002,6.938893903907228e-18,0.004175000000000002,69121.4452169242,69121.44299025754
1773070040314,360183,new,ASK,69125.57,0.013781812500000002,0.15192152,0.004175000000000002,69078.16377008037,69078.1615434137
1773070040897,360263,cancel,ASK,69125.57,0.013181933500000003,0.0,0.0035751210000000014,69107.16767472714,69107.16576799595
1773070045502,361421,new,ASK,69127.52,0.013741320667500001,0.18989756,0.0035751210000000014,69082.71697171155,69082.71506498035
1773070046542,361549,cancel,ASK,69127.52,0.013741320667500001,0.18989756,0.0035751210000000014,69094.5851926516,69094.58328592041
1773070070580,364812,new,ASK,69085.72,0.013741320667500001,0.21360063,0.0035751210000000014,69046.04166792249,69046.03976119129
1773070071179,365163,cancel,ASK,69085.72,0.013741320667500001,0.0,0.0035751210000000014,69109.68440665229,69109.6824999211
1773070071687,365297,new,ASK,69104.66,0.013741320667500001,0.15200584,0.0035751210000000014,69056.3464681069,69056.3445613757
1773070072234,365398,cancel,ASK,69104.66,0.013741320667500001,0.0,0.0035751210000000014,69104.98153179618,69104.97962506498
1773070091252,368402,new,ASK,69089.93,0.013741320667500001,0.0616005,0.0035751210000000014,69051.19323167622,69051.19132494503
1773070091796,368597,cancel,ASK,69089.93,0.013741320667500001,3.469446951953614e-18,0.0035751210000000014,69060.31647392076,69060.31456718956
1773070100404,369893,new,ASK,69071.85,0.013741320667500001,0.19003378,0.0035751210000000014,69025.77584438652,69025.77393765532
1773070100916,370190,replace,ASK,69082.1,0.013741320667500001,0.20846843,0.0035751210000000014,69034.19369687306,69034.19179014186
1773070101416,370444,cancel,ASK,69082.1,0.013741320667500001,0.0,0.0035751210000000014,69050.08669909161,69050.08479236042
1773070164322,384114,new,ASK,69091.04,0.013741320667500001,0.19000854,0.0035751210000000014,69044.91946538366,69044.91755865247
1773070164865,384269,cancel,ASK,69091.04,0.013741320667500001,0.0,0.0035751210000000014,69072.93265,69072.93074326881
1773070243595,399562,new,ASK,69102.44,0.013741320667500001,0.19000715,0.0035751210000000014,69056.79578919793,69056.79388246674
1773070244117,399684,replace,ASK,69100.24,0.013741320667500001,0.19000715,0.0035751210000000014,69059.70635633687,69059.70444960568
1773070244621,399769,cancel,ASK,69100.24,0.013741320667500001,0.0,0.0035751210000000014,69063.73570090994,69063.73379417874
1773070270955,404776,new,ASK,69123.38,0.013741320667500001,0.18992239,0.0035751210000000014,69082.68298748611,69082.68108075492
1773070271583,404876,cancel,ASK,69123.38,0.013741320667500001,0.0,0.0035751210000000014,69158.81807167106,69158.81616493987
1773070276989,406024,new,ASK,69136.78,0.013741320667500001,0.18989813,0.0035751210000000014,69090.63367816072,69090.63177142953
1773070277493,406093,cancel,ASK,69136.78,0.013741320667500001,0.037979629999999986,0.0035751210000000014,69150.74490317439,69150.7429964432
1773070362517,426301,new,ASK,69090.75,0.013741320667500001,0.0731,0.0035751210000000014,69041.13281137146,69041.13090464026
1773070363040,426400,cancel,ASK,69090.75,0.013741320667500001,0.0731,0.0035751210000000014,69049.98099771609,69049.9790909849
1773070407245,438667,new,ASK,69017.42,0.013741320667500001,0.06164047,0.0035751210000000014,68975.48003002229,68975.47812329109
1773070407789,438953,cancel,ASK,69017.42,0.013741320667500001,3.469446951953614e-18,0.0035751210000000014,68982.44814186933,68982.44623513814
1773070412910,440161,new,ASK,69000.0,0.013741320667500001,3.8236,0.0035751210000000014,68927.83736750986,68927.83546077866
1773070413414,440384,replace,ASK,68971.68,0.013741320667500001,0.15230687,0.0035751210000000014,68927.59914597271,68927.59723924151
1773070413920,440637,cancel,ASK,68971.68,0.013741320667500001,0.0,0.0035751210000000014,68967.17880499999,68967.1768982688
1773070421627,443267,new,ASK,68908.83,0.013741320667500001,0.15241246,0.0035751210000000014,68862.85099638216,68862.84908965096
1773070422141,443528,cancel,ASK,68908.83,0.013741320667500001,0.0,0.0035751210000000014,68884.92866272508,68884.92675599389
1773070460024,454024,new,ASK,68906.64,0.013741320667500001,0.18981899,0.0035751210000000014,68860.66177703891,68860.65987030772
1773070461113,454102,cancel,ASK,68906.64,0.013741320667500001,0.03739724999999999,0.0035751210000000014,68894.56224201761,68894.56033528641
1773070466860,455548,new,ASK,68903.13,0.013741320667500001,0.19052326,0.0035751210000000014,68859.78099306134,68859.77908633015
1773070467369,455748,cancel,ASK,68903.13,0.013741320667500001,0.0,0.0035751210000000014,68874.79714080431,68874.79523407311
1773070469384,456691,new,ASK,68915.32,0.013741320667500001,0.0236,0.0035751210000000014,68850.30130984708,68850.29940311589
1773070470509,456768,replace,ASK,68902.75,0.013741320667500001,0.06170044,0.0035751210000000014,68847.63270652364,68847.63079979245
1773070471015,457031,cancel,ASK,68902.75,0.013741320667500001,0.0,0.0035751210000000014,68866.78684124973,68866.78493451854
1773070471533,457195,new,ASK,68902.75,0.013741320667500001,0.21415321,0.0035751210000000014,68855.68011242116,68855.67820568997
1773070472077,457328,cancel,ASK,68902.75,0.013741320667500001,0.21415321,0.0035751210000000014,68875.18426448738,68875.18235775619
1773070472578,457370,new,ASK,68902.75,0.013741320667500001,0.21415321,0.0035751210000000014,68856.01954696132,68856.01764023013
1773070473591,457590,cancel,ASK,68902.75,0.013741320667500001,1.0408340855860843e-17,0.0035751210000000014,68846.91960566731,68846.91769893611
1773070475093,458073,new,ASK,68865.1,0.013741320667500001,0.19061503,0.0035751210000000014,68824.51128785078,68824.50938111958
1773070475624,458294,cancel,ASK,68865.1,0.013741320667500001,0.0,0.0035751210000000014,68880.16271990075,68880.16081316955
1773070538368,479237,new,ASK,68857.43,0.013741320667500001,0.06173008,0.0035751210000000014,68818.70858352436,68818.70667679317
1773070538870,479340,cancel,ASK,68857.43,0.013741320667500001,3.469446951953614e-18,0.0035751210000000014,68857.06105601089,68857.0591492797
1773070549559,484696,new,ASK,68807.18,0.013741320667500001,0.19078593,0.0035751210000000014,68761.21583781816,68761.21393108697
1773070550094,484922,cancel,ASK,68807.18,0.013741320667500001,0.0,0.0035751210000000014,68795.7505420495,68795.7486353183
1773070599117,499270,new,ASK,68797.81,0.013741320667500001,0.19082011,0.0035751210000000014,68751.85064723637,68751.84874050517
1773070599632,499381,cancel,ASK,68797.81,0.013741320667500001,0.0,0.0035751210000000014,68813.6715001653,68813.66959343411
